model,pooling,match_strategy,C,seed,auc,test_pos,test_neg,embedding_dim,n_pairs_sampled,n_pairs_total,runtime_sec
dinov2-small,cls,clip_matched,0.01,42,0.869156,75,75,384,250,265,0.15
dinov2-small,cls,clip_matched,0.1,42,0.871111,75,75,384,250,265,0.15
dinov2-small,cls,clip_matched,1.0,42,0.8672,75,75,384,250,265,0.15
dinov2-small,cls,clip_matched,10.0,42,0.869244,75,75,384,250,265,0.15
dinov2-small,cls,clip_matched,0.01,7,0.918933,75,75,384,250,265,0.15
dinov2-small,cls,clip_matched,0.1,7,0.912356,75,75,384,250,265,0.15
dinov2-small,cls,clip_matched,1.0,7,0.907911,75,75,384,250,265,0.15
dinov2-small,cls,clip_matched,10.0,7,0.909689,75,75,384,250,265,0.15
dinov2-small,cls,clip_matched,0.01,17,0.865956,75,75,384,250,265,0.15
dinov2-small,cls,clip_matched,0.1,17,0.851378,75,75,384,250,265,0.15
dinov2-small,cls,clip_matched,1.0,17,0.8416,75,75,384,250,265,0.15
dinov2-small,cls,clip_matched,10.0,17,0.840356,75,75,384,250,265,0.15
dinov2-small,cls,clip_matched,0.01,23,0.887822,75,75,384,250,265,0.15
dinov2-small,cls,clip_matched,0.1,23,0.88,75,75,384,250,265,0.15
dinov2-small,cls,clip_matched,1.0,23,0.8752,75,75,384,250,265,0.15
dinov2-small,cls,clip_matched,10.0,23,0.872889,75,75,384,250,265,0.15
dinov2-small,cls,clip_matched,0.01,99,0.893867,75,75,384,250,265,0.15
dinov2-small,cls,clip_matched,0.1,99,0.889067,75,75,384,250,265,0.15
dinov2-small,cls,clip_matched,1.0,99,0.882133,75,75,384,250,265,0.15
dinov2-small,cls,clip_matched,10.0,99,0.880533,75,75,384,250,265,0.15
dinov2-small,cls,clip_matched,0.01,1234,0.868622,75,75,384,250,265,0.15
dinov2-small,cls,clip_matched,0.1,1234,0.877867,75,75,384,250,265,0.15
dinov2-small,cls,clip_matched,1.0,1234,0.881244,75,75,384,250,265,0.15
dinov2-small,cls,clip_matched,10.0,1234,0.877511,75,75,384,250,265,0.15
dinov2-small,cls,aspect_matched,0.01,42,0.8592,75,75,384,250,265,0.29
dinov2-small,cls,aspect_matched,0.1,42,0.863822,75,75,384,250,265,0.29
dinov2-small,cls,aspect_matched,1.0,42,0.860444,75,75,384,250,265,0.29
dinov2-small,cls,aspect_matched,10.0,42,0.858667,75,75,384,250,265,0.29
dinov2-small,cls,aspect_matched,0.01,7,0.922489,75,75,384,250,265,0.29
dinov2-small,cls,aspect_matched,0.1,7,0.917156,75,75,384,250,265,0.29
dinov2-small,cls,aspect_matched,1.0,7,0.911644,75,75,384,250,265,0.29
dinov2-small,cls,aspect_matched,10.0,7,0.910933,75,75,384,250,265,0.29
dinov2-small,cls,aspect_matched,0.01,17,0.894756,75,75,384,250,265,0.29
dinov2-small,cls,aspect_matched,0.1,17,0.893156,75,75,384,250,265,0.29
dinov2-small,cls,aspect_matched,1.0,17,0.8912,75,75,384,250,265,0.29
dinov2-small,cls,aspect_matched,10.0,17,0.892444,75,75,384,250,265,0.29
dinov2-small,cls,aspect_matched,0.01,23,0.914844,75,75,384,250,265,0.29
dinov2-small,cls,aspect_matched,0.1,23,0.901689,75,75,384,250,265,0.29
dinov2-small,cls,aspect_matched,1.0,23,0.892444,75,75,384,250,265,0.29
dinov2-small,cls,aspect_matched,10.0,23,0.886578,75,75,384,250,265,0.29
dinov2-small,cls,aspect_matched,0.01,99,0.934211,74,76,384,250,265,0.29
dinov2-small,cls,aspect_matched,0.1,99,0.920164,74,76,384,250,265,0.29
dinov2-small,cls,aspect_matched,1.0,99,0.909851,74,76,384,250,265,0.29
dinov2-small,cls,aspect_matched,10.0,99,0.906117,74,76,384,250,265,0.29
dinov2-small,cls,aspect_matched,0.01,1234,0.906844,75,75,384,250,265,0.29
dinov2-small,cls,aspect_matched,0.1,1234,0.892444,75,75,384,250,265,0.29
dinov2-small,cls,aspect_matched,1.0,1234,0.885156,75,75,384,250,265,0.29
dinov2-small,cls,aspect_matched,10.0,1234,0.878756,75,75,384,250,265,0.29
dinov2-small,cls,random,0.01,42,0.878044,75,75,384,250,265,0.43
dinov2-small,cls,random,0.1,42,0.882489,75,75,384,250,265,0.43
dinov2-small,cls,random,1.0,42,0.885511,75,75,384,250,265,0.43
dinov2-small,cls,random,10.0,42,0.88,75,75,384,250,265,0.43
dinov2-small,cls,random,0.01,7,0.931911,75,75,384,250,265,0.43
dinov2-small,cls,random,0.1,7,0.926044,75,75,384,250,265,0.43
dinov2-small,cls,random,1.0,7,0.920533,75,75,384,250,265,0.43
dinov2-small,cls,random,10.0,7,0.920889,75,75,384,250,265,0.43
dinov2-small,cls,random,0.01,17,0.877333,75,75,384,250,265,0.43
dinov2-small,cls,random,0.1,17,0.88,75,75,384,250,265,0.43
dinov2-small,cls,random,1.0,17,0.879289,75,75,384,250,265,0.43
dinov2-small,cls,random,10.0,17,0.879289,75,75,384,250,265,0.43
dinov2-small,cls,random,0.01,23,0.870222,75,75,384,250,265,0.43
dinov2-small,cls,random,0.1,23,0.863822,75,75,384,250,265,0.43
dinov2-small,cls,random,1.0,23,0.856178,75,75,384,250,265,0.43
dinov2-small,cls,random,10.0,23,0.850667,75,75,384,250,265,0.43
dinov2-small,cls,random,0.01,99,0.91234,76,74,384,250,265,0.43
dinov2-small,cls,random,0.1,99,0.907539,76,74,384,250,265,0.43
dinov2-small,cls,random,1.0,99,0.906472,76,74,384,250,265,0.43
dinov2-small,cls,random,10.0,99,0.902916,76,74,384,250,265,0.43
dinov2-small,cls,random,0.01,1234,0.890311,75,75,384,250,265,0.43
dinov2-small,cls,random,0.1,1234,0.883556,75,75,384,250,265,0.43
dinov2-small,cls,random,1.0,1234,0.879644,75,75,384,250,265,0.43
dinov2-small,cls,random,10.0,1234,0.876089,75,75,384,250,265,0.43
dinov2-small,patch_mean,clip_matched,0.01,42,0.885689,75,75,384,250,265,0.17
dinov2-small,patch_mean,clip_matched,0.1,42,0.890133,75,75,384,250,265,0.17
dinov2-small,patch_mean,clip_matched,1.0,42,0.882311,75,75,384,250,265,0.17
dinov2-small,patch_mean,clip_matched,10.0,42,0.877689,75,75,384,250,265,0.17
dinov2-small,patch_mean,clip_matched,0.01,7,0.926044,75,75,384,250,265,0.17
dinov2-small,patch_mean,clip_matched,0.1,7,0.921067,75,75,384,250,265,0.17
dinov2-small,patch_mean,clip_matched,1.0,7,0.913778,75,75,384,250,265,0.17
dinov2-small,patch_mean,clip_matched,10.0,7,0.9072,75,75,384,250,265,0.17
dinov2-small,patch_mean,clip_matched,0.01,17,0.901689,75,75,384,250,265,0.17
dinov2-small,patch_mean,clip_matched,0.1,17,0.894222,75,75,384,250,265,0.17
dinov2-small,patch_mean,clip_matched,1.0,17,0.884978,75,75,384,250,265,0.17
dinov2-small,patch_mean,clip_matched,10.0,17,0.881244,75,75,384,250,265,0.17
dinov2-small,patch_mean,clip_matched,0.01,23,0.906844,75,75,384,250,265,0.17
dinov2-small,patch_mean,clip_matched,0.1,23,0.911467,75,75,384,250,265,0.17
dinov2-small,patch_mean,clip_matched,1.0,23,0.906844,75,75,384,250,265,0.17
dinov2-small,patch_mean,clip_matched,10.0,23,0.906311,75,75,384,250,265,0.17
dinov2-small,patch_mean,clip_matched,0.01,99,0.905778,75,75,384,250,265,0.17
dinov2-small,patch_mean,clip_matched,0.1,99,0.899733,75,75,384,250,265,0.17
dinov2-small,patch_mean,clip_matched,1.0,99,0.892089,75,75,384,250,265,0.17
dinov2-small,patch_mean,clip_matched,10.0,99,0.886578,75,75,384,250,265,0.17
dinov2-small,patch_mean,clip_matched,0.01,1234,0.898489,75,75,384,250,265,0.17
dinov2-small,patch_mean,clip_matched,0.1,1234,0.902578,75,75,384,250,265,0.17
dinov2-small,patch_mean,clip_matched,1.0,1234,0.894578,75,75,384,250,265,0.17
dinov2-small,patch_mean,clip_matched,10.0,1234,0.894933,75,75,384,250,265,0.17
dinov2-small,patch_mean,aspect_matched,0.01,42,0.907733,75,75,384,250,265,0.33
dinov2-small,patch_mean,aspect_matched,0.1,42,0.901511,75,75,384,250,265,0.33
dinov2-small,patch_mean,aspect_matched,1.0,42,0.895289,75,75,384,250,265,0.33
dinov2-small,patch_mean,aspect_matched,10.0,42,0.891022,75,75,384,250,265,0.33
dinov2-small,patch_mean,aspect_matched,0.01,7,0.927111,75,75,384,250,265,0.33
dinov2-small,patch_mean,aspect_matched,0.1,7,0.921956,75,75,384,250,265,0.33
dinov2-small,patch_mean,aspect_matched,1.0,7,0.912711,75,75,384,250,265,0.33
dinov2-small,patch_mean,aspect_matched,10.0,7,0.908978,75,75,384,250,265,0.33
dinov2-small,patch_mean,aspect_matched,0.01,17,0.916978,75,75,384,250,265,0.33
dinov2-small,patch_mean,aspect_matched,0.1,17,0.903467,75,75,384,250,265,0.33
dinov2-small,patch_mean,aspect_matched,1.0,17,0.890489,75,75,384,250,265,0.33
dinov2-small,patch_mean,aspect_matched,10.0,17,0.886756,75,75,384,250,265,0.33
dinov2-small,patch_mean,aspect_matched,0.01,23,0.925689,75,75,384,250,265,0.33
dinov2-small,patch_mean,aspect_matched,0.1,23,0.922489,75,75,384,250,265,0.33
dinov2-small,patch_mean,aspect_matched,1.0,23,0.916444,75,75,384,250,265,0.33
dinov2-small,patch_mean,aspect_matched,10.0,23,0.914133,75,75,384,250,265,0.33
dinov2-small,patch_mean,aspect_matched,0.01,99,0.91963,74,76,384,250,265,0.33
dinov2-small,patch_mean,aspect_matched,0.1,99,0.903983,74,76,384,250,265,0.33
dinov2-small,patch_mean,aspect_matched,1.0,99,0.892248,74,76,384,250,265,0.33
dinov2-small,patch_mean,aspect_matched,10.0,99,0.889936,74,76,384,250,265,0.33
dinov2-small,patch_mean,aspect_matched,0.01,1234,0.921422,75,75,384,250,265,0.33
dinov2-small,patch_mean,aspect_matched,0.1,1234,0.908267,75,75,384,250,265,0.33
dinov2-small,patch_mean,aspect_matched,1.0,1234,0.895644,75,75,384,250,265,0.33
dinov2-small,patch_mean,aspect_matched,10.0,1234,0.895644,75,75,384,250,265,0.33
dinov2-small,patch_mean,random,0.01,42,0.887644,75,75,384,250,265,0.49
dinov2-small,patch_mean,random,0.1,42,0.884444,75,75,384,250,265,0.49
dinov2-small,patch_mean,random,1.0,42,0.868089,75,75,384,250,265,0.49
dinov2-small,patch_mean,random,10.0,42,0.862933,75,75,384,250,265,0.49
dinov2-small,patch_mean,random,0.01,7,0.947911,75,75,384,250,265,0.49
dinov2-small,patch_mean,random,0.1,7,0.947378,75,75,384,250,265,0.49
dinov2-small,patch_mean,random,1.0,7,0.934756,75,75,384,250,265,0.49
dinov2-small,patch_mean,random,10.0,7,0.929778,75,75,384,250,265,0.49
dinov2-small,patch_mean,random,0.01,17,0.879289,75,75,384,250,265,0.49
dinov2-small,patch_mean,random,0.1,17,0.868978,75,75,384,250,265,0.49
dinov2-small,patch_mean,random,1.0,17,0.859556,75,75,384,250,265,0.49
dinov2-small,patch_mean,random,10.0,17,0.856533,75,75,384,250,265,0.49
dinov2-small,patch_mean,random,0.01,23,0.899556,75,75,384,250,265,0.49
dinov2-small,patch_mean,random,0.1,23,0.897422,75,75,384,250,265,0.49
dinov2-small,patch_mean,random,1.0,23,0.896356,75,75,384,250,265,0.49
dinov2-small,patch_mean,random,10.0,23,0.893867,75,75,384,250,265,0.49
dinov2-small,patch_mean,random,0.01,99,0.902383,76,74,384,250,265,0.49
dinov2-small,patch_mean,random,0.1,99,0.886202,76,74,384,250,265,0.49
dinov2-small,patch_mean,random,1.0,99,0.868954,76,74,384,250,265,0.49
dinov2-small,patch_mean,random,10.0,99,0.86042,76,74,384,250,265,0.49
dinov2-small,patch_mean,random,0.01,1234,0.906844,75,75,384,250,265,0.49
dinov2-small,patch_mean,random,0.1,1234,0.905244,75,75,384,250,265,0.49
dinov2-small,patch_mean,random,1.0,1234,0.8992,75,75,384,250,265,0.49
dinov2-small,patch_mean,random,10.0,1234,0.8952,75,75,384,250,265,0.49
dinov2-small,patch_gem,clip_matched,0.01,42,0.888178,75,75,384,250,265,0.17
dinov2-small,patch_gem,clip_matched,0.1,42,0.889244,75,75,384,250,265,0.17
dinov2-small,patch_gem,clip_matched,1.0,42,0.887467,75,75,384,250,265,0.17
dinov2-small,patch_gem,clip_matched,10.0,42,0.888,75,75,384,250,265,0.17
dinov2-small,patch_gem,clip_matched,0.01,7,0.9328,75,75,384,250,265,0.17
dinov2-small,patch_gem,clip_matched,0.1,7,0.935822,75,75,384,250,265,0.17
dinov2-small,patch_gem,clip_matched,1.0,7,0.934933,75,75,384,250,265,0.17
dinov2-small,patch_gem,clip_matched,10.0,7,0.9312,75,75,384,250,265,0.17
dinov2-small,patch_gem,clip_matched,0.01,17,0.884267,75,75,384,250,265,0.17
dinov2-small,patch_gem,clip_matched,0.1,17,0.881956,75,75,384,250,265,0.17
dinov2-small,patch_gem,clip_matched,1.0,17,0.873244,75,75,384,250,265,0.17
dinov2-small,patch_gem,clip_matched,10.0,17,0.868444,75,75,384,250,265,0.17
dinov2-small,patch_gem,clip_matched,0.01,23,0.9104,75,75,384,250,265,0.17
dinov2-small,patch_gem,clip_matched,0.1,23,0.912711,75,75,384,250,265,0.17
dinov2-small,patch_gem,clip_matched,1.0,23,0.9088,75,75,384,250,265,0.17
dinov2-small,patch_gem,clip_matched,10.0,23,0.908622,75,75,384,250,265,0.17
dinov2-small,patch_gem,clip_matched,0.01,99,0.917867,75,75,384,250,265,0.17
dinov2-small,patch_gem,clip_matched,0.1,99,0.9168,75,75,384,250,265,0.17
dinov2-small,patch_gem,clip_matched,1.0,99,0.9104,75,75,384,250,265,0.17
dinov2-small,patch_gem,clip_matched,10.0,99,0.9104,75,75,384,250,265,0.17
dinov2-small,patch_gem,clip_matched,0.01,1234,0.906667,75,75,384,250,265,0.17
dinov2-small,patch_gem,clip_matched,0.1,1234,0.915022,75,75,384,250,265,0.17
dinov2-small,patch_gem,clip_matched,1.0,1234,0.914311,75,75,384,250,265,0.17
dinov2-small,patch_gem,clip_matched,10.0,1234,0.913156,75,75,384,250,265,0.17
dinov2-small,patch_gem,aspect_matched,0.01,42,0.909511,75,75,384,250,265,0.32
dinov2-small,patch_gem,aspect_matched,0.1,42,0.903644,75,75,384,250,265,0.32
dinov2-small,patch_gem,aspect_matched,1.0,42,0.900444,75,75,384,250,265,0.32
dinov2-small,patch_gem,aspect_matched,10.0,42,0.897244,75,75,384,250,265,0.32
dinov2-small,patch_gem,aspect_matched,0.01,7,0.929067,75,75,384,250,265,0.32
dinov2-small,patch_gem,aspect_matched,0.1,7,0.925333,75,75,384,250,265,0.32
dinov2-small,patch_gem,aspect_matched,1.0,7,0.917867,75,75,384,250,265,0.32
dinov2-small,patch_gem,aspect_matched,10.0,7,0.915378,75,75,384,250,265,0.32
dinov2-small,patch_gem,aspect_matched,0.01,17,0.9216,75,75,384,250,265,0.32
dinov2-small,patch_gem,aspect_matched,0.1,17,0.912356,75,75,384,250,265,0.32
dinov2-small,patch_gem,aspect_matched,1.0,17,0.9008,75,75,384,250,265,0.32
dinov2-small,patch_gem,aspect_matched,10.0,17,0.894311,75,75,384,250,265,0.32
dinov2-small,patch_gem,aspect_matched,0.01,23,0.933689,75,75,384,250,265,0.32
dinov2-small,patch_gem,aspect_matched,0.1,23,0.922133,75,75,384,250,265,0.32
dinov2-small,patch_gem,aspect_matched,1.0,23,0.913778,75,75,384,250,265,0.32
dinov2-small,patch_gem,aspect_matched,10.0,23,0.909689,75,75,384,250,265,0.32
dinov2-small,patch_gem,aspect_matched,0.01,99,0.926209,74,76,384,250,265,0.32
dinov2-small,patch_gem,aspect_matched,0.1,99,0.911984,74,76,384,250,265,0.32
dinov2-small,patch_gem,aspect_matched,1.0,99,0.899004,74,76,384,250,265,0.32
dinov2-small,patch_gem,aspect_matched,10.0,99,0.894559,74,76,384,250,265,0.32
dinov2-small,patch_gem,aspect_matched,0.01,1234,0.936533,75,75,384,250,265,0.32
dinov2-small,patch_gem,aspect_matched,0.1,1234,0.925156,75,75,384,250,265,0.32
dinov2-small,patch_gem,aspect_matched,1.0,1234,0.920356,75,75,384,250,265,0.32
dinov2-small,patch_gem,aspect_matched,10.0,1234,0.916978,75,75,384,250,265,0.32
dinov2-small,patch_gem,random,0.01,42,0.890667,75,75,384,250,265,0.47
dinov2-small,patch_gem,random,0.1,42,0.8944,75,75,384,250,265,0.47
dinov2-small,patch_gem,random,1.0,42,0.894756,75,75,384,250,265,0.47
dinov2-small,patch_gem,random,10.0,42,0.893511,75,75,384,250,265,0.47
dinov2-small,patch_gem,random,0.01,7,0.942578,75,75,384,250,265,0.47
dinov2-small,patch_gem,random,0.1,7,0.940978,75,75,384,250,265,0.47
dinov2-small,patch_gem,random,1.0,7,0.937244,75,75,384,250,265,0.47
dinov2-small,patch_gem,random,10.0,7,0.935289,75,75,384,250,265,0.47
dinov2-small,patch_gem,random,0.01,17,0.877333,75,75,384,250,265,0.47
dinov2-small,patch_gem,random,0.1,17,0.8752,75,75,384,250,265,0.47
dinov2-small,patch_gem,random,1.0,17,0.870756,75,75,384,250,265,0.47
dinov2-small,patch_gem,random,10.0,17,0.869956,75,75,384,250,265,0.47
dinov2-small,patch_gem,random,0.01,23,0.92,75,75,384,250,265,0.47
dinov2-small,patch_gem,random,0.1,23,0.915733,75,75,384,250,265,0.47
dinov2-small,patch_gem,random,1.0,23,0.911644,75,75,384,250,265,0.47
dinov2-small,patch_gem,random,10.0,23,0.910044,75,75,384,250,265,0.47
dinov2-small,patch_gem,random,0.01,99,0.909495,76,74,384,250,265,0.47
dinov2-small,patch_gem,random,0.1,99,0.890647,76,74,384,250,265,0.47
dinov2-small,patch_gem,random,1.0,99,0.877489,76,74,384,250,265,0.47
dinov2-small,patch_gem,random,10.0,99,0.876778,76,74,384,250,265,0.47
dinov2-small,patch_gem,random,0.01,1234,0.9184,75,75,384,250,265,0.47
dinov2-small,patch_gem,random,0.1,1234,0.918044,75,75,384,250,265,0.47
dinov2-small,patch_gem,random,1.0,1234,0.913956,75,75,384,250,265,0.47
dinov2-small,patch_gem,random,10.0,1234,0.911467,75,75,384,250,265,0.47
dinov2-small,cls_patch,clip_matched,0.01,42,0.890311,75,75,768,250,265,0.19
dinov2-small,cls_patch,clip_matched,0.1,42,0.889956,75,75,768,250,265,0.19
dinov2-small,cls_patch,clip_matched,1.0,42,0.890844,75,75,768,250,265,0.19
dinov2-small,cls_patch,clip_matched,10.0,42,0.886044,75,75,768,250,265,0.19
dinov2-small,cls_patch,clip_matched,0.01,7,0.936889,75,75,768,250,265,0.19
dinov2-small,cls_patch,clip_matched,0.1,7,0.931556,75,75,768,250,265,0.19
dinov2-small,cls_patch,clip_matched,1.0,7,0.925511,75,75,768,250,265,0.19
dinov2-small,cls_patch,clip_matched,10.0,7,0.923556,75,75,768,250,265,0.19
dinov2-small,cls_patch,clip_matched,0.01,17,0.900267,75,75,768,250,265,0.19
dinov2-small,cls_patch,clip_matched,0.1,17,0.893156,75,75,768,250,265,0.19
dinov2-small,cls_patch,clip_matched,1.0,17,0.8896,75,75,768,250,265,0.19
dinov2-small,cls_patch,clip_matched,10.0,17,0.888533,75,75,768,250,265,0.19
dinov2-small,cls_patch,clip_matched,0.01,23,0.907378,75,75,768,250,265,0.19
dinov2-small,cls_patch,clip_matched,0.1,23,0.907022,75,75,768,250,265,0.19
dinov2-small,cls_patch,clip_matched,1.0,23,0.9024,75,75,768,250,265,0.19
dinov2-small,cls_patch,clip_matched,10.0,23,0.900978,75,75,768,250,265,0.19
dinov2-small,cls_patch,clip_matched,0.01,99,0.915911,75,75,768,250,265,0.19
dinov2-small,cls_patch,clip_matched,0.1,99,0.913778,75,75,768,250,265,0.19
dinov2-small,cls_patch,clip_matched,1.0,99,0.909689,75,75,768,250,265,0.19
dinov2-small,cls_patch,clip_matched,10.0,99,0.908978,75,75,768,250,265,0.19
dinov2-small,cls_patch,clip_matched,0.01,1234,0.898489,75,75,768,250,265,0.19
dinov2-small,cls_patch,clip_matched,0.1,1234,0.900444,75,75,768,250,265,0.19
dinov2-small,cls_patch,clip_matched,1.0,1234,0.8976,75,75,768,250,265,0.19
dinov2-small,cls_patch,clip_matched,10.0,1234,0.8992,75,75,768,250,265,0.19
dinov2-small,cls_patch,aspect_matched,0.01,42,0.897067,75,75,768,250,265,0.36
dinov2-small,cls_patch,aspect_matched,0.1,42,0.898667,75,75,768,250,265,0.36
dinov2-small,cls_patch,aspect_matched,1.0,42,0.895644,75,75,768,250,265,0.36
dinov2-small,cls_patch,aspect_matched,10.0,42,0.892089,75,75,768,250,265,0.36
dinov2-small,cls_patch,aspect_matched,0.01,7,0.935644,75,75,768,250,265,0.36
dinov2-small,cls_patch,aspect_matched,0.1,7,0.9296,75,75,768,250,265,0.36
dinov2-small,cls_patch,aspect_matched,1.0,7,0.925689,75,75,768,250,265,0.36
dinov2-small,cls_patch,aspect_matched,10.0,7,0.917867,75,75,768,250,265,0.36
dinov2-small,cls_patch,aspect_matched,0.01,17,0.914667,75,75,768,250,265,0.36
dinov2-small,cls_patch,aspect_matched,0.1,17,0.910044,75,75,768,250,265,0.36
dinov2-small,cls_patch,aspect_matched,1.0,17,0.906311,75,75,768,250,265,0.36
dinov2-small,cls_patch,aspect_matched,10.0,17,0.906667,75,75,768,250,265,0.36
dinov2-small,cls_patch,aspect_matched,0.01,23,0.924622,75,75,768,250,265,0.36
dinov2-small,cls_patch,aspect_matched,0.1,23,0.919822,75,75,768,250,265,0.36
dinov2-small,cls_patch,aspect_matched,1.0,23,0.913067,75,75,768,250,265,0.36
dinov2-small,cls_patch,aspect_matched,10.0,23,0.908978,75,75,768,250,265,0.36
dinov2-small,cls_patch,aspect_matched,0.01,99,0.932432,74,76,768,250,265,0.36
dinov2-small,cls_patch,aspect_matched,0.1,99,0.927276,74,76,768,250,265,0.36
dinov2-small,cls_patch,aspect_matched,1.0,99,0.924075,74,76,768,250,265,0.36
dinov2-small,cls_patch,aspect_matched,10.0,99,0.921764,74,76,768,250,265,0.36
dinov2-small,cls_patch,aspect_matched,0.01,1234,0.917511,75,75,768,250,265,0.36
dinov2-small,cls_patch,aspect_matched,0.1,1234,0.905778,75,75,768,250,265,0.36
dinov2-small,cls_patch,aspect_matched,1.0,1234,0.900089,75,75,768,250,265,0.36
dinov2-small,cls_patch,aspect_matched,10.0,1234,0.896711,75,75,768,250,265,0.36
dinov2-small,cls_patch,random,0.01,42,0.893689,75,75,768,250,265,0.53
dinov2-small,cls_patch,random,0.1,42,0.893156,75,75,768,250,265,0.53
dinov2-small,cls_patch,random,1.0,42,0.891556,75,75,768,250,265,0.53
dinov2-small,cls_patch,random,10.0,42,0.892622,75,75,768,250,265,0.53
dinov2-small,cls_patch,random,0.01,7,0.953067,75,75,768,250,265,0.53
dinov2-small,cls_patch,random,0.1,7,0.949511,75,75,768,250,265,0.53
dinov2-small,cls_patch,random,1.0,7,0.946667,75,75,768,250,265,0.53
dinov2-small,cls_patch,random,10.0,7,0.949867,75,75,768,250,265,0.53
dinov2-small,cls_patch,random,0.01,17,0.888,75,75,768,250,265,0.53
dinov2-small,cls_patch,random,0.1,17,0.884622,75,75,768,250,265,0.53
dinov2-small,cls_patch,random,1.0,17,0.884267,75,75,768,250,265,0.53
dinov2-small,cls_patch,random,10.0,17,0.887289,75,75,768,250,265,0.53
dinov2-small,cls_patch,random,0.01,23,0.894578,75,75,768,250,265,0.53
dinov2-small,cls_patch,random,0.1,23,0.889244,75,75,768,250,265,0.53
dinov2-small,cls_patch,random,1.0,23,0.887111,75,75,768,250,265,0.53
dinov2-small,cls_patch,random,10.0,23,0.887822,75,75,768,250,265,0.53
dinov2-small,cls_patch,random,0.01,99,0.918919,76,74,768,250,265,0.53
dinov2-small,cls_patch,random,0.1,99,0.915896,76,74,768,250,265,0.53
dinov2-small,cls_patch,random,1.0,99,0.913051,76,74,768,250,265,0.53
dinov2-small,cls_patch,random,10.0,99,0.912518,76,74,768,250,265,0.53
dinov2-small,cls_patch,random,0.01,1234,0.907556,75,75,768,250,265,0.53
dinov2-small,cls_patch,random,0.1,1234,0.904533,75,75,768,250,265,0.53
dinov2-small,cls_patch,random,1.0,1234,0.901867,75,75,768,250,265,0.53
dinov2-small,cls_patch,random,10.0,1234,0.897333,75,75,768,250,265,0.53
dinov2-base,cls,clip_matched,0.01,42,0.881956,75,75,768,250,265,0.17
dinov2-base,cls,clip_matched,0.1,42,0.8784,75,75,768,250,265,0.17
dinov2-base,cls,clip_matched,1.0,42,0.876444,75,75,768,250,265,0.17
dinov2-base,cls,clip_matched,10.0,42,0.874667,75,75,768,250,265,0.17
dinov2-base,cls,clip_matched,0.01,7,0.899022,75,75,768,250,265,0.17
dinov2-base,cls,clip_matched,0.1,7,0.8992,75,75,768,250,265,0.17
dinov2-base,cls,clip_matched,1.0,7,0.897244,75,75,768,250,265,0.17
dinov2-base,cls,clip_matched,10.0,7,0.899378,75,75,768,250,265,0.17
dinov2-base,cls,clip_matched,0.01,17,0.881422,75,75,768,250,265,0.17
dinov2-base,cls,clip_matched,0.1,17,0.879822,75,75,768,250,265,0.17
dinov2-base,cls,clip_matched,1.0,17,0.8784,75,75,768,250,265,0.17
dinov2-base,cls,clip_matched,10.0,17,0.8768,75,75,768,250,265,0.17
dinov2-base,cls,clip_matched,0.01,23,0.887644,75,75,768,250,265,0.17
dinov2-base,cls,clip_matched,0.1,23,0.882133,75,75,768,250,265,0.17
dinov2-base,cls,clip_matched,1.0,23,0.875911,75,75,768,250,265,0.17
dinov2-base,cls,clip_matched,10.0,23,0.874844,75,75,768,250,265,0.17
dinov2-base,cls,clip_matched,0.01,99,0.890667,75,75,768,250,265,0.17
dinov2-base,cls,clip_matched,0.1,99,0.888533,75,75,768,250,265,0.17
dinov2-base,cls,clip_matched,1.0,99,0.886222,75,75,768,250,265,0.17
dinov2-base,cls,clip_matched,10.0,99,0.886756,75,75,768,250,265,0.17
dinov2-base,cls,clip_matched,0.01,1234,0.862578,75,75,768,250,265,0.17
dinov2-base,cls,clip_matched,0.1,1234,0.865422,75,75,768,250,265,0.17
dinov2-base,cls,clip_matched,1.0,1234,0.865778,75,75,768,250,265,0.17
dinov2-base,cls,clip_matched,10.0,1234,0.865067,75,75,768,250,265,0.17
dinov2-base,cls,aspect_matched,0.01,42,0.8688,75,75,768,250,265,0.32
dinov2-base,cls,aspect_matched,0.1,42,0.8576,75,75,768,250,265,0.32
dinov2-base,cls,aspect_matched,1.0,42,0.853511,75,75,768,250,265,0.32
dinov2-base,cls,aspect_matched,10.0,42,0.842844,75,75,768,250,265,0.32
dinov2-base,cls,aspect_matched,0.01,7,0.9184,75,75,768,250,265,0.32
dinov2-base,cls,aspect_matched,0.1,7,0.915733,75,75,768,250,265,0.32
dinov2-base,cls,aspect_matched,1.0,7,0.915556,75,75,768,250,265,0.32
dinov2-base,cls,aspect_matched,10.0,7,0.916978,75,75,768,250,265,0.32
dinov2-base,cls,aspect_matched,0.01,17,0.880711,75,75,768,250,265,0.32
dinov2-base,cls,aspect_matched,0.1,17,0.869867,75,75,768,250,265,0.32
dinov2-base,cls,aspect_matched,1.0,17,0.864533,75,75,768,250,265,0.32
dinov2-base,cls,aspect_matched,10.0,17,0.861689,75,75,768,250,265,0.32
dinov2-base,cls,aspect_matched,0.01,23,0.906311,75,75,768,250,265,0.32
dinov2-base,cls,aspect_matched,0.1,23,0.895289,75,75,768,250,265,0.32
dinov2-base,cls,aspect_matched,1.0,23,0.890489,75,75,768,250,265,0.32
dinov2-base,cls,aspect_matched,10.0,23,0.884622,75,75,768,250,265,0.32
dinov2-base,cls,aspect_matched,0.01,99,0.917496,74,76,768,250,265,0.32
dinov2-base,cls,aspect_matched,0.1,99,0.908784,74,76,768,250,265,0.32
dinov2-base,cls,aspect_matched,1.0,99,0.903272,74,76,768,250,265,0.32
dinov2-base,cls,aspect_matched,10.0,99,0.899182,74,76,768,250,265,0.32
dinov2-base,cls,aspect_matched,0.01,1234,0.906489,75,75,768,250,265,0.32
dinov2-base,cls,aspect_matched,0.1,1234,0.897422,75,75,768,250,265,0.32
dinov2-base,cls,aspect_matched,1.0,1234,0.891733,75,75,768,250,265,0.32
dinov2-base,cls,aspect_matched,10.0,1234,0.889778,75,75,768,250,265,0.32
dinov2-base,cls,random,0.01,42,0.896356,75,75,768,250,265,0.47
dinov2-base,cls,random,0.1,42,0.896356,75,75,768,250,265,0.47
dinov2-base,cls,random,1.0,42,0.895289,75,75,768,250,265,0.47
dinov2-base,cls,random,10.0,42,0.893689,75,75,768,250,265,0.47
dinov2-base,cls,random,0.01,7,0.918933,75,75,768,250,265,0.47
dinov2-base,cls,random,0.1,7,0.914844,75,75,768,250,265,0.47
dinov2-base,cls,random,1.0,7,0.910756,75,75,768,250,265,0.47
dinov2-base,cls,random,10.0,7,0.908622,75,75,768,250,265,0.47
dinov2-base,cls,random,0.01,17,0.898311,75,75,768,250,265,0.47
dinov2-base,cls,random,0.1,17,0.896533,75,75,768,250,265,0.47
dinov2-base,cls,random,1.0,17,0.895822,75,75,768,250,265,0.47
dinov2-base,cls,random,10.0,17,0.8928,75,75,768,250,265,0.47
dinov2-base,cls,random,0.01,23,0.892089,75,75,768,250,265,0.47
dinov2-base,cls,random,0.1,23,0.891556,75,75,768,250,265,0.47
dinov2-base,cls,random,1.0,23,0.891911,75,75,768,250,265,0.47
dinov2-base,cls,random,10.0,23,0.882133,75,75,768,250,265,0.47
dinov2-base,cls,random,0.01,99,0.896515,76,74,768,250,265,0.47
dinov2-base,cls,random,0.1,99,0.897937,76,74,768,250,265,0.47
dinov2-base,cls,random,1.0,99,0.894203,76,74,768,250,265,0.47
dinov2-base,cls,random,10.0,99,0.887713,76,74,768,250,265,0.47
dinov2-base,cls,random,0.01,1234,0.882667,75,75,768,250,265,0.47
dinov2-base,cls,random,0.1,1234,0.876622,75,75,768,250,265,0.47
dinov2-base,cls,random,1.0,1234,0.871822,75,75,768,250,265,0.47
dinov2-base,cls,random,10.0,1234,0.867733,75,75,768,250,265,0.47
dinov2-base,patch_mean,clip_matched,0.01,42,0.876978,75,75,768,250,265,0.22
dinov2-base,patch_mean,clip_matched,0.1,42,0.876444,75,75,768,250,265,0.22
dinov2-base,patch_mean,clip_matched,1.0,42,0.872,75,75,768,250,265,0.22
dinov2-base,patch_mean,clip_matched,10.0,42,0.870044,75,75,768,250,265,0.22
dinov2-base,patch_mean,clip_matched,0.01,7,0.941333,75,75,768,250,265,0.22
dinov2-base,patch_mean,clip_matched,0.1,7,0.936356,75,75,768,250,265,0.22
dinov2-base,patch_mean,clip_matched,1.0,7,0.935111,75,75,768,250,265,0.22
dinov2-base,patch_mean,clip_matched,10.0,7,0.937067,75,75,768,250,265,0.22
dinov2-base,patch_mean,clip_matched,0.01,17,0.904533,75,75,768,250,265,0.22
dinov2-base,patch_mean,clip_matched,0.1,17,0.9024,75,75,768,250,265,0.22
dinov2-base,patch_mean,clip_matched,1.0,17,0.902222,75,75,768,250,265,0.22
dinov2-base,patch_mean,clip_matched,10.0,17,0.899378,75,75,768,250,265,0.22
dinov2-base,patch_mean,clip_matched,0.01,23,0.928178,75,75,768,250,265,0.22
dinov2-base,patch_mean,clip_matched,0.1,23,0.930667,75,75,768,250,265,0.22
dinov2-base,patch_mean,clip_matched,1.0,23,0.929422,75,75,768,250,265,0.22
dinov2-base,patch_mean,clip_matched,10.0,23,0.926933,75,75,768,250,265,0.22
dinov2-base,patch_mean,clip_matched,0.01,99,0.914489,75,75,768,250,265,0.22
dinov2-base,patch_mean,clip_matched,0.1,99,0.917511,75,75,768,250,265,0.22
dinov2-base,patch_mean,clip_matched,1.0,99,0.915911,75,75,768,250,265,0.22
dinov2-base,patch_mean,clip_matched,10.0,99,0.917511,75,75,768,250,265,0.22
dinov2-base,patch_mean,clip_matched,0.01,1234,0.895111,75,75,768,250,265,0.22
dinov2-base,patch_mean,clip_matched,0.1,1234,0.902756,75,75,768,250,265,0.22
dinov2-base,patch_mean,clip_matched,1.0,1234,0.901867,75,75,768,250,265,0.22
dinov2-base,patch_mean,clip_matched,10.0,1234,0.901689,75,75,768,250,265,0.22
dinov2-base,patch_mean,aspect_matched,0.01,42,0.9072,75,75,768,250,265,0.39
dinov2-base,patch_mean,aspect_matched,0.1,42,0.912889,75,75,768,250,265,0.39
dinov2-base,patch_mean,aspect_matched,1.0,42,0.913067,75,75,768,250,265,0.39
dinov2-base,patch_mean,aspect_matched,10.0,42,0.907378,75,75,768,250,265,0.39
dinov2-base,patch_mean,aspect_matched,0.01,7,0.936533,75,75,768,250,265,0.39
dinov2-base,patch_mean,aspect_matched,0.1,7,0.933156,75,75,768,250,265,0.39
dinov2-base,patch_mean,aspect_matched,1.0,7,0.931378,75,75,768,250,265,0.39
dinov2-base,patch_mean,aspect_matched,10.0,7,0.924622,75,75,768,250,265,0.39
dinov2-base,patch_mean,aspect_matched,0.01,17,0.9152,75,75,768,250,265,0.39
dinov2-base,patch_mean,aspect_matched,0.1,17,0.910933,75,75,768,250,265,0.39
dinov2-base,patch_mean,aspect_matched,1.0,17,0.9072,75,75,768,250,265,0.39
dinov2-base,patch_mean,aspect_matched,10.0,17,0.905778,75,75,768,250,265,0.39
dinov2-base,patch_mean,aspect_matched,0.01,23,0.948444,75,75,768,250,265,0.39
dinov2-base,patch_mean,aspect_matched,0.1,23,0.945067,75,75,768,250,265,0.39
dinov2-base,patch_mean,aspect_matched,1.0,23,0.941333,75,75,768,250,265,0.39
dinov2-base,patch_mean,aspect_matched,10.0,23,0.938133,75,75,768,250,265,0.39
dinov2-base,patch_mean,aspect_matched,0.01,99,0.935811,74,76,768,250,265,0.39
dinov2-base,patch_mean,aspect_matched,0.1,99,0.933144,74,76,768,250,265,0.39
dinov2-base,patch_mean,aspect_matched,1.0,99,0.930477,74,76,768,250,265,0.39
dinov2-base,patch_mean,aspect_matched,10.0,99,0.927809,74,76,768,250,265,0.39
dinov2-base,patch_mean,aspect_matched,0.01,1234,0.923911,75,75,768,250,265,0.39
dinov2-base,patch_mean,aspect_matched,0.1,1234,0.9216,75,75,768,250,265,0.39
dinov2-base,patch_mean,aspect_matched,1.0,1234,0.9184,75,75,768,250,265,0.39
dinov2-base,patch_mean,aspect_matched,10.0,1234,0.916622,75,75,768,250,265,0.39
dinov2-base,patch_mean,random,0.01,42,0.877689,75,75,768,250,265,0.55
dinov2-base,patch_mean,random,0.1,42,0.881778,75,75,768,250,265,0.55
dinov2-base,patch_mean,random,1.0,42,0.8816,75,75,768,250,265,0.55
dinov2-base,patch_mean,random,10.0,42,0.882311,75,75,768,250,265,0.55
dinov2-base,patch_mean,random,0.01,7,0.955378,75,75,768,250,265,0.55
dinov2-base,patch_mean,random,0.1,7,0.9552,75,75,768,250,265,0.55
dinov2-base,patch_mean,random,1.0,7,0.9552,75,75,768,250,265,0.55
dinov2-base,patch_mean,random,10.0,7,0.957333,75,75,768,250,265,0.55
dinov2-base,patch_mean,random,0.01,17,0.895289,75,75,768,250,265,0.55
dinov2-base,patch_mean,random,0.1,17,0.901156,75,75,768,250,265,0.55
dinov2-base,patch_mean,random,1.0,17,0.902933,75,75,768,250,265,0.55
dinov2-base,patch_mean,random,10.0,17,0.902044,75,75,768,250,265,0.55
dinov2-base,patch_mean,random,0.01,23,0.927644,75,75,768,250,265,0.55
dinov2-base,patch_mean,random,0.1,23,0.924267,75,75,768,250,265,0.55
dinov2-base,patch_mean,random,1.0,23,0.921067,75,75,768,250,265,0.55
dinov2-base,patch_mean,random,10.0,23,0.9168,75,75,768,250,265,0.55
dinov2-base,patch_mean,random,0.01,99,0.91643,76,74,768,250,265,0.55
dinov2-base,patch_mean,random,0.1,99,0.917141,76,74,768,250,265,0.55
dinov2-base,patch_mean,random,1.0,99,0.914118,76,74,768,250,265,0.55
dinov2-base,patch_mean,random,10.0,99,0.911629,76,74,768,250,265,0.55
dinov2-base,patch_mean,random,0.01,1234,0.904178,75,75,768,250,265,0.55
dinov2-base,patch_mean,random,0.1,1234,0.915556,75,75,768,250,265,0.55
dinov2-base,patch_mean,random,1.0,1234,0.918578,75,75,768,250,265,0.55
dinov2-base,patch_mean,random,10.0,1234,0.920178,75,75,768,250,265,0.55
dinov2-base,patch_gem,clip_matched,0.01,42,0.904533,75,75,768,250,265,0.18
dinov2-base,patch_gem,clip_matched,0.1,42,0.907022,75,75,768,250,265,0.18
dinov2-base,patch_gem,clip_matched,1.0,42,0.903822,75,75,768,250,265,0.18
dinov2-base,patch_gem,clip_matched,10.0,42,0.904356,75,75,768,250,265,0.18
dinov2-base,patch_gem,clip_matched,0.01,7,0.948267,75,75,768,250,265,0.18
dinov2-base,patch_gem,clip_matched,0.1,7,0.948267,75,75,768,250,265,0.18
dinov2-base,patch_gem,clip_matched,1.0,7,0.944356,75,75,768,250,265,0.18
dinov2-base,patch_gem,clip_matched,10.0,7,0.939733,75,75,768,250,265,0.18
dinov2-base,patch_gem,clip_matched,0.01,17,0.912178,75,75,768,250,265,0.18
dinov2-base,patch_gem,clip_matched,0.1,17,0.914489,75,75,768,250,265,0.18
dinov2-base,patch_gem,clip_matched,1.0,17,0.914667,75,75,768,250,265,0.18
dinov2-base,patch_gem,clip_matched,10.0,17,0.913511,75,75,768,250,265,0.18
dinov2-base,patch_gem,clip_matched,0.01,23,0.916444,75,75,768,250,265,0.18
dinov2-base,patch_gem,clip_matched,0.1,23,0.920356,75,75,768,250,265,0.18
dinov2-base,patch_gem,clip_matched,1.0,23,0.918578,75,75,768,250,265,0.18
dinov2-base,patch_gem,clip_matched,10.0,23,0.918933,75,75,768,250,265,0.18
dinov2-base,patch_gem,clip_matched,0.01,99,0.930489,75,75,768,250,265,0.18
dinov2-base,patch_gem,clip_matched,0.1,99,0.932444,75,75,768,250,265,0.18
dinov2-base,patch_gem,clip_matched,1.0,99,0.929778,75,75,768,250,265,0.18
dinov2-base,patch_gem,clip_matched,10.0,99,0.930489,75,75,768,250,265,0.18
dinov2-base,patch_gem,clip_matched,0.01,1234,0.910933,75,75,768,250,265,0.18
dinov2-base,patch_gem,clip_matched,0.1,1234,0.917333,75,75,768,250,265,0.18
dinov2-base,patch_gem,clip_matched,1.0,1234,0.915556,75,75,768,250,265,0.18
dinov2-base,patch_gem,clip_matched,10.0,1234,0.914311,75,75,768,250,265,0.18
dinov2-base,patch_gem,aspect_matched,0.01,42,0.921422,75,75,768,250,265,0.34
dinov2-base,patch_gem,aspect_matched,0.1,42,0.919289,75,75,768,250,265,0.34
dinov2-base,patch_gem,aspect_matched,1.0,42,0.9168,75,75,768,250,265,0.34
dinov2-base,patch_gem,aspect_matched,10.0,42,0.912711,75,75,768,250,265,0.34
dinov2-base,patch_gem,aspect_matched,0.01,7,0.948267,75,75,768,250,265,0.34
dinov2-base,patch_gem,aspect_matched,0.1,7,0.948267,75,75,768,250,265,0.34
dinov2-base,patch_gem,aspect_matched,1.0,7,0.947911,75,75,768,250,265,0.34
dinov2-base,patch_gem,aspect_matched,10.0,7,0.944711,75,75,768,250,265,0.34
dinov2-base,patch_gem,aspect_matched,0.01,17,0.921067,75,75,768,250,265,0.34
dinov2-base,patch_gem,aspect_matched,0.1,17,0.916978,75,75,768,250,265,0.34
dinov2-base,patch_gem,aspect_matched,1.0,17,0.913422,75,75,768,250,265,0.34
dinov2-base,patch_gem,aspect_matched,10.0,17,0.913067,75,75,768,250,265,0.34
dinov2-base,patch_gem,aspect_matched,0.01,23,0.948978,75,75,768,250,265,0.34
dinov2-base,patch_gem,aspect_matched,0.1,23,0.946667,75,75,768,250,265,0.34
dinov2-base,patch_gem,aspect_matched,1.0,23,0.942578,75,75,768,250,265,0.34
dinov2-base,patch_gem,aspect_matched,10.0,23,0.940978,75,75,768,250,265,0.34
dinov2-base,patch_gem,aspect_matched,0.01,99,0.937411,74,76,768,250,265,0.34
dinov2-base,patch_gem,aspect_matched,0.1,99,0.928698,74,76,768,250,265,0.34
dinov2-base,patch_gem,aspect_matched,1.0,99,0.925676,74,76,768,250,265,0.34
dinov2-base,patch_gem,aspect_matched,10.0,99,0.921408,74,76,768,250,265,0.34
dinov2-base,patch_gem,aspect_matched,0.01,1234,0.931733,75,75,768,250,265,0.34
dinov2-base,patch_gem,aspect_matched,0.1,1234,0.926222,75,75,768,250,265,0.34
dinov2-base,patch_gem,aspect_matched,1.0,1234,0.9232,75,75,768,250,265,0.34
dinov2-base,patch_gem,aspect_matched,10.0,1234,0.9216,75,75,768,250,265,0.34
dinov2-base,patch_gem,random,0.01,42,0.899733,75,75,768,250,265,0.5
dinov2-base,patch_gem,random,0.1,42,0.903111,75,75,768,250,265,0.5
dinov2-base,patch_gem,random,1.0,42,0.902578,75,75,768,250,265,0.5
dinov2-base,patch_gem,random,10.0,42,0.901689,75,75,768,250,265,0.5
dinov2-base,patch_gem,random,0.01,7,0.955911,75,75,768,250,265,0.5
dinov2-base,patch_gem,random,0.1,7,0.964267,75,75,768,250,265,0.5
dinov2-base,patch_gem,random,1.0,7,0.964622,75,75,768,250,265,0.5
dinov2-base,patch_gem,random,10.0,7,0.960356,75,75,768,250,265,0.5
dinov2-base,patch_gem,random,0.01,17,0.893333,75,75,768,250,265,0.5
dinov2-base,patch_gem,random,0.1,17,0.897956,75,75,768,250,265,0.5
dinov2-base,patch_gem,random,1.0,17,0.898844,75,75,768,250,265,0.5
dinov2-base,patch_gem,random,10.0,17,0.897067,75,75,768,250,265,0.5
dinov2-base,patch_gem,random,0.01,23,0.922667,75,75,768,250,265,0.5
dinov2-base,patch_gem,random,0.1,23,0.916444,75,75,768,250,265,0.5
dinov2-base,patch_gem,random,1.0,23,0.913067,75,75,768,250,265,0.5
dinov2-base,patch_gem,random,10.0,23,0.915022,75,75,768,250,265,0.5
dinov2-base,patch_gem,random,0.01,99,0.937411,76,74,768,250,265,0.5
dinov2-base,patch_gem,random,0.1,99,0.935633,76,74,768,250,265,0.5
dinov2-base,patch_gem,random,1.0,99,0.934388,76,74,768,250,265,0.5
dinov2-base,patch_gem,random,10.0,99,0.931543,76,74,768,250,265,0.5
dinov2-base,patch_gem,random,0.01,1234,0.912889,75,75,768,250,265,0.5
dinov2-base,patch_gem,random,0.1,1234,0.92,75,75,768,250,265,0.5
dinov2-base,patch_gem,random,1.0,1234,0.920356,75,75,768,250,265,0.5
dinov2-base,patch_gem,random,10.0,1234,0.918933,75,75,768,250,265,0.5
dinov2-base,cls_patch,clip_matched,0.01,42,0.880178,75,75,1536,250,265,5.23
dinov2-base,cls_patch,clip_matched,0.1,42,0.877689,75,75,1536,250,265,5.23
dinov2-base,cls_patch,clip_matched,1.0,42,0.874844,75,75,1536,250,265,5.23
dinov2-base,cls_patch,clip_matched,10.0,42,0.872356,75,75,1536,250,265,5.23
dinov2-base,cls_patch,clip_matched,0.01,7,0.935822,75,75,1536,250,265,5.23
dinov2-base,cls_patch,clip_matched,0.1,7,0.935111,75,75,1536,250,265,5.23
dinov2-base,cls_patch,clip_matched,1.0,7,0.934933,75,75,1536,250,265,5.23
dinov2-base,cls_patch,clip_matched,10.0,7,0.934044,75,75,1536,250,265,5.23
dinov2-base,cls_patch,clip_matched,0.01,17,0.906667,75,75,1536,250,265,5.23
dinov2-base,cls_patch,clip_matched,0.1,17,0.904,75,75,1536,250,265,5.23
dinov2-base,cls_patch,clip_matched,1.0,17,0.902044,75,75,1536,250,265,5.23
dinov2-base,cls_patch,clip_matched,10.0,17,0.900622,75,75,1536,250,265,5.23
dinov2-base,cls_patch,clip_matched,0.01,23,0.927467,75,75,1536,250,265,5.23
dinov2-base,cls_patch,clip_matched,0.1,23,0.928356,75,75,1536,250,265,5.23
dinov2-base,cls_patch,clip_matched,1.0,23,0.927644,75,75,1536,250,265,5.23
dinov2-base,cls_patch,clip_matched,10.0,23,0.9248,75,75,1536,250,265,5.23
dinov2-base,cls_patch,clip_matched,0.01,99,0.925689,75,75,1536,250,265,5.23
dinov2-base,cls_patch,clip_matched,0.1,99,0.929956,75,75,1536,250,265,5.23
dinov2-base,cls_patch,clip_matched,1.0,99,0.9296,75,75,1536,250,265,5.23
dinov2-base,cls_patch,clip_matched,10.0,99,0.928,75,75,1536,250,265,5.23
dinov2-base,cls_patch,clip_matched,0.01,1234,0.8944,75,75,1536,250,265,5.23
dinov2-base,cls_patch,clip_matched,0.1,1234,0.895822,75,75,1536,250,265,5.23
dinov2-base,cls_patch,clip_matched,1.0,1234,0.894044,75,75,1536,250,265,5.23
dinov2-base,cls_patch,clip_matched,10.0,1234,0.894222,75,75,1536,250,265,5.23
dinov2-base,cls_patch,aspect_matched,0.01,42,0.897244,75,75,1536,250,265,10.69
dinov2-base,cls_patch,aspect_matched,0.1,42,0.893333,75,75,1536,250,265,10.69
dinov2-base,cls_patch,aspect_matched,1.0,42,0.891378,75,75,1536,250,265,10.69
dinov2-base,cls_patch,aspect_matched,10.0,42,0.887289,75,75,1536,250,265,10.69
dinov2-base,cls_patch,aspect_matched,0.01,7,0.9392,75,75,1536,250,265,10.69
dinov2-base,cls_patch,aspect_matched,0.1,7,0.938489,75,75,1536,250,265,10.69
dinov2-base,cls_patch,aspect_matched,1.0,7,0.936711,75,75,1536,250,265,10.69
dinov2-base,cls_patch,aspect_matched,10.0,7,0.930844,75,75,1536,250,265,10.69
dinov2-base,cls_patch,aspect_matched,0.01,17,0.909867,75,75,1536,250,265,10.69
dinov2-base,cls_patch,aspect_matched,0.1,17,0.906667,75,75,1536,250,265,10.69
dinov2-base,cls_patch,aspect_matched,1.0,17,0.905244,75,75,1536,250,265,10.69
dinov2-base,cls_patch,aspect_matched,10.0,17,0.901689,75,75,1536,250,265,10.69
dinov2-base,cls_patch,aspect_matched,0.01,23,0.939733,75,75,1536,250,265,10.69
dinov2-base,cls_patch,aspect_matched,0.1,23,0.935822,75,75,1536,250,265,10.69
dinov2-base,cls_patch,aspect_matched,1.0,23,0.931733,75,75,1536,250,265,10.69
dinov2-base,cls_patch,aspect_matched,10.0,23,0.921244,75,75,1536,250,265,10.69
dinov2-base,cls_patch,aspect_matched,0.01,99,0.941501,74,76,1536,250,265,10.69
dinov2-base,cls_patch,aspect_matched,0.1,99,0.938478,74,76,1536,250,265,10.69
dinov2-base,cls_patch,aspect_matched,1.0,99,0.935455,74,76,1536,250,265,10.69
dinov2-base,cls_patch,aspect_matched,10.0,99,0.93101,74,76,1536,250,265,10.69
dinov2-base,cls_patch,aspect_matched,0.01,1234,0.923556,75,75,1536,250,265,10.69
dinov2-base,cls_patch,aspect_matched,0.1,1234,0.919289,75,75,1536,250,265,10.69
dinov2-base,cls_patch,aspect_matched,1.0,1234,0.918222,75,75,1536,250,265,10.69
dinov2-base,cls_patch,aspect_matched,10.0,1234,0.914489,75,75,1536,250,265,10.69
dinov2-base,cls_patch,random,0.01,42,0.901511,75,75,1536,250,265,16.14
dinov2-base,cls_patch,random,0.1,42,0.901689,75,75,1536,250,265,16.14
dinov2-base,cls_patch,random,1.0,42,0.902044,75,75,1536,250,265,16.14
dinov2-base,cls_patch,random,10.0,42,0.899911,75,75,1536,250,265,16.14
dinov2-base,cls_patch,random,0.01,7,0.953422,75,75,1536,250,265,16.14
dinov2-base,cls_patch,random,0.1,7,0.951822,75,75,1536,250,265,16.14
dinov2-base,cls_patch,random,1.0,7,0.950222,75,75,1536,250,265,16.14
dinov2-base,cls_patch,random,10.0,7,0.950044,75,75,1536,250,265,16.14
dinov2-base,cls_patch,random,0.01,17,0.909511,75,75,1536,250,265,16.14
dinov2-base,cls_patch,random,0.1,17,0.916089,75,75,1536,250,265,16.14
dinov2-base,cls_patch,random,1.0,17,0.917689,75,75,1536,250,265,16.14
dinov2-base,cls_patch,random,10.0,17,0.918044,75,75,1536,250,265,16.14
dinov2-base,cls_patch,random,0.01,23,0.930133,75,75,1536,250,265,16.14
dinov2-base,cls_patch,random,0.1,23,0.931911,75,75,1536,250,265,16.14
dinov2-base,cls_patch,random,1.0,23,0.935467,75,75,1536,250,265,16.14
dinov2-base,cls_patch,random,10.0,23,0.932622,75,75,1536,250,265,16.14
dinov2-base,cls_patch,random,0.01,99,0.929232,76,74,1536,250,265,16.14
dinov2-base,cls_patch,random,0.1,99,0.930299,76,74,1536,250,265,16.14
dinov2-base,cls_patch,random,1.0,99,0.930477,76,74,1536,250,265,16.14
dinov2-base,cls_patch,random,10.0,99,0.928521,76,74,1536,250,265,16.14
dinov2-base,cls_patch,random,0.01,1234,0.911822,75,75,1536,250,265,16.14
dinov2-base,cls_patch,random,0.1,1234,0.910578,75,75,1536,250,265,16.14
dinov2-base,cls_patch,random,1.0,1234,0.909333,75,75,1536,250,265,16.14
dinov2-base,cls_patch,random,10.0,1234,0.905778,75,75,1536,250,265,16.14
dinov2-large,cls,clip_matched,0.01,42,0.847289,75,75,1024,250,265,0.24
dinov2-large,cls,clip_matched,0.1,42,0.843556,75,75,1024,250,265,0.24
dinov2-large,cls,clip_matched,1.0,42,0.840356,75,75,1024,250,265,0.24
dinov2-large,cls,clip_matched,10.0,42,0.838578,75,75,1024,250,265,0.24
dinov2-large,cls,clip_matched,0.01,7,0.880356,75,75,1024,250,265,0.24
dinov2-large,cls,clip_matched,0.1,7,0.868267,75,75,1024,250,265,0.24
dinov2-large,cls,clip_matched,1.0,7,0.863289,75,75,1024,250,265,0.24
dinov2-large,cls,clip_matched,10.0,7,0.863644,75,75,1024,250,265,0.24
dinov2-large,cls,clip_matched,0.01,17,0.851378,75,75,1024,250,265,0.24
dinov2-large,cls,clip_matched,0.1,17,0.839822,75,75,1024,250,265,0.24
dinov2-large,cls,clip_matched,1.0,17,0.8352,75,75,1024,250,265,0.24
dinov2-large,cls,clip_matched,10.0,17,0.832711,75,75,1024,250,265,0.24
dinov2-large,cls,clip_matched,0.01,23,0.8832,75,75,1024,250,265,0.24
dinov2-large,cls,clip_matched,0.1,23,0.872,75,75,1024,250,265,0.24
dinov2-large,cls,clip_matched,1.0,23,0.8672,75,75,1024,250,265,0.24
dinov2-large,cls,clip_matched,10.0,23,0.865956,75,75,1024,250,265,0.24
dinov2-large,cls,clip_matched,0.01,99,0.862044,75,75,1024,250,265,0.24
dinov2-large,cls,clip_matched,0.1,99,0.854044,75,75,1024,250,265,0.24
dinov2-large,cls,clip_matched,1.0,99,0.850311,75,75,1024,250,265,0.24
dinov2-large,cls,clip_matched,10.0,99,0.842844,75,75,1024,250,265,0.24
dinov2-large,cls,clip_matched,0.01,1234,0.865956,75,75,1024,250,265,0.24
dinov2-large,cls,clip_matched,0.1,1234,0.856889,75,75,1024,250,265,0.24
dinov2-large,cls,clip_matched,1.0,1234,0.855467,75,75,1024,250,265,0.24
dinov2-large,cls,clip_matched,10.0,1234,0.854044,75,75,1024,250,265,0.24
dinov2-large,cls,aspect_matched,0.01,42,0.852978,75,75,1024,250,265,0.4
dinov2-large,cls,aspect_matched,0.1,42,0.849067,75,75,1024,250,265,0.4
dinov2-large,cls,aspect_matched,1.0,42,0.8448,75,75,1024,250,265,0.4
dinov2-large,cls,aspect_matched,10.0,42,0.846222,75,75,1024,250,265,0.4
dinov2-large,cls,aspect_matched,0.01,7,0.885867,75,75,1024,250,265,0.4
dinov2-large,cls,aspect_matched,0.1,7,0.874311,75,75,1024,250,265,0.4
dinov2-large,cls,aspect_matched,1.0,7,0.869156,75,75,1024,250,265,0.4
dinov2-large,cls,aspect_matched,10.0,7,0.868622,75,75,1024,250,265,0.4
dinov2-large,cls,aspect_matched,0.01,17,0.866133,75,75,1024,250,265,0.4
dinov2-large,cls,aspect_matched,0.1,17,0.852089,75,75,1024,250,265,0.4
dinov2-large,cls,aspect_matched,1.0,17,0.846044,75,75,1024,250,265,0.4
dinov2-large,cls,aspect_matched,10.0,17,0.8432,75,75,1024,250,265,0.4
dinov2-large,cls,aspect_matched,0.01,23,0.899911,75,75,1024,250,265,0.4
dinov2-large,cls,aspect_matched,0.1,23,0.888178,75,75,1024,250,265,0.4
dinov2-large,cls,aspect_matched,1.0,23,0.884267,75,75,1024,250,265,0.4
dinov2-large,cls,aspect_matched,10.0,23,0.878756,75,75,1024,250,265,0.4
dinov2-large,cls,aspect_matched,0.01,99,0.907717,74,76,1024,250,265,0.4
dinov2-large,cls,aspect_matched,0.1,99,0.894559,74,76,1024,250,265,0.4
dinov2-large,cls,aspect_matched,1.0,99,0.889758,74,76,1024,250,265,0.4
dinov2-large,cls,aspect_matched,10.0,99,0.886024,74,76,1024,250,265,0.4
dinov2-large,cls,aspect_matched,0.01,1234,0.901156,75,75,1024,250,265,0.4
dinov2-large,cls,aspect_matched,0.1,1234,0.892267,75,75,1024,250,265,0.4
dinov2-large,cls,aspect_matched,1.0,1234,0.886222,75,75,1024,250,265,0.4
dinov2-large,cls,aspect_matched,10.0,1234,0.881244,75,75,1024,250,265,0.4
dinov2-large,cls,random,0.01,42,0.849778,75,75,1024,250,265,0.56
dinov2-large,cls,random,0.1,42,0.843378,75,75,1024,250,265,0.56
dinov2-large,cls,random,1.0,42,0.838044,75,75,1024,250,265,0.56
dinov2-large,cls,random,10.0,42,0.838044,75,75,1024,250,265,0.56
dinov2-large,cls,random,0.01,7,0.883378,75,75,1024,250,265,0.56
dinov2-large,cls,random,0.1,7,0.872356,75,75,1024,250,265,0.56
dinov2-large,cls,random,1.0,7,0.867378,75,75,1024,250,265,0.56
dinov2-large,cls,random,10.0,7,0.867378,75,75,1024,250,265,0.56
dinov2-large,cls,random,0.01,17,0.854578,75,75,1024,250,265,0.56
dinov2-large,cls,random,0.1,17,0.840533,75,75,1024,250,265,0.56
dinov2-large,cls,random,1.0,17,0.834667,75,75,1024,250,265,0.56
dinov2-large,cls,random,10.0,17,0.828622,75,75,1024,250,265,0.56
dinov2-large,cls,random,0.01,23,0.9088,75,75,1024,250,265,0.56
dinov2-large,cls,random,0.1,23,0.901689,75,75,1024,250,265,0.56
dinov2-large,cls,random,1.0,23,0.898133,75,75,1024,250,265,0.56
dinov2-large,cls,random,10.0,23,0.896889,75,75,1024,250,265,0.56
dinov2-large,cls,random,0.01,99,0.853841,76,74,1024,250,265,0.56
dinov2-large,cls,random,0.1,99,0.84175,76,74,1024,250,265,0.56
dinov2-large,cls,random,1.0,99,0.837304,76,74,1024,250,265,0.56
dinov2-large,cls,random,10.0,99,0.832326,76,74,1024,250,265,0.56
dinov2-large,cls,random,0.01,1234,0.886756,75,75,1024,250,265,0.56
dinov2-large,cls,random,0.1,1234,0.880533,75,75,1024,250,265,0.56
dinov2-large,cls,random,1.0,1234,0.879111,75,75,1024,250,265,0.56
dinov2-large,cls,random,10.0,1234,0.876267,75,75,1024,250,265,0.56
dinov2-large,patch_mean,clip_matched,0.01,42,0.886933,75,75,1024,250,265,0.2
dinov2-large,patch_mean,clip_matched,0.1,42,0.892978,75,75,1024,250,265,0.2
dinov2-large,patch_mean,clip_matched,1.0,42,0.893156,75,75,1024,250,265,0.2
dinov2-large,patch_mean,clip_matched,10.0,42,0.893156,75,75,1024,250,265,0.2
dinov2-large,patch_mean,clip_matched,0.01,7,0.937956,75,75,1024,250,265,0.2
dinov2-large,patch_mean,clip_matched,0.1,7,0.939911,75,75,1024,250,265,0.2
dinov2-large,patch_mean,clip_matched,1.0,7,0.936356,75,75,1024,250,265,0.2
dinov2-large,patch_mean,clip_matched,10.0,7,0.936889,75,75,1024,250,265,0.2
dinov2-large,patch_mean,clip_matched,0.01,17,0.909867,75,75,1024,250,265,0.2
dinov2-large,patch_mean,clip_matched,0.1,17,0.914311,75,75,1024,250,265,0.2
dinov2-large,patch_mean,clip_matched,1.0,17,0.911289,75,75,1024,250,265,0.2
dinov2-large,patch_mean,clip_matched,10.0,17,0.913244,75,75,1024,250,265,0.2
dinov2-large,patch_mean,clip_matched,0.01,23,0.921778,75,75,1024,250,265,0.2
dinov2-large,patch_mean,clip_matched,0.1,23,0.925689,75,75,1024,250,265,0.2
dinov2-large,patch_mean,clip_matched,1.0,23,0.925689,75,75,1024,250,265,0.2
dinov2-large,patch_mean,clip_matched,10.0,23,0.925867,75,75,1024,250,265,0.2
dinov2-large,patch_mean,clip_matched,0.01,99,0.921067,75,75,1024,250,265,0.2
dinov2-large,patch_mean,clip_matched,0.1,99,0.930133,75,75,1024,250,265,0.2
dinov2-large,patch_mean,clip_matched,1.0,99,0.931911,75,75,1024,250,265,0.2
dinov2-large,patch_mean,clip_matched,10.0,99,0.931911,75,75,1024,250,265,0.2
dinov2-large,patch_mean,clip_matched,0.01,1234,0.881422,75,75,1024,250,265,0.2
dinov2-large,patch_mean,clip_matched,0.1,1234,0.886933,75,75,1024,250,265,0.2
dinov2-large,patch_mean,clip_matched,1.0,1234,0.887822,75,75,1024,250,265,0.2
dinov2-large,patch_mean,clip_matched,10.0,1234,0.8832,75,75,1024,250,265,0.2
dinov2-large,patch_mean,aspect_matched,0.01,42,0.936356,75,75,1024,250,265,0.37
dinov2-large,patch_mean,aspect_matched,0.1,42,0.940089,75,75,1024,250,265,0.37
dinov2-large,patch_mean,aspect_matched,1.0,42,0.9392,75,75,1024,250,265,0.37
dinov2-large,patch_mean,aspect_matched,10.0,42,0.937422,75,75,1024,250,265,0.37
dinov2-large,patch_mean,aspect_matched,0.01,7,0.9344,75,75,1024,250,265,0.37
dinov2-large,patch_mean,aspect_matched,0.1,7,0.933156,75,75,1024,250,265,0.37
dinov2-large,patch_mean,aspect_matched,1.0,7,0.932444,75,75,1024,250,265,0.37
dinov2-large,patch_mean,aspect_matched,10.0,7,0.927289,75,75,1024,250,265,0.37
dinov2-large,patch_mean,aspect_matched,0.01,17,0.919289,75,75,1024,250,265,0.37
dinov2-large,patch_mean,aspect_matched,0.1,17,0.918044,75,75,1024,250,265,0.37
dinov2-large,patch_mean,aspect_matched,1.0,17,0.914311,75,75,1024,250,265,0.37
dinov2-large,patch_mean,aspect_matched,10.0,17,0.913067,75,75,1024,250,265,0.37
dinov2-large,patch_mean,aspect_matched,0.01,23,0.935644,75,75,1024,250,265,0.37
dinov2-large,patch_mean,aspect_matched,0.1,23,0.936533,75,75,1024,250,265,0.37
dinov2-large,patch_mean,aspect_matched,1.0,23,0.936533,75,75,1024,250,265,0.37
dinov2-large,patch_mean,aspect_matched,10.0,23,0.937067,75,75,1024,250,265,0.37
dinov2-large,patch_mean,aspect_matched,0.01,99,0.953058,74,76,1024,250,265,0.37
dinov2-large,patch_mean,aspect_matched,0.1,99,0.959459,74,76,1024,250,265,0.37
dinov2-large,patch_mean,aspect_matched,1.0,99,0.95857,74,76,1024,250,265,0.37
dinov2-large,patch_mean,aspect_matched,10.0,99,0.956081,74,76,1024,250,265,0.37
dinov2-large,patch_mean,aspect_matched,0.01,1234,0.916444,75,75,1024,250,265,0.37
dinov2-large,patch_mean,aspect_matched,0.1,1234,0.9072,75,75,1024,250,265,0.37
dinov2-large,patch_mean,aspect_matched,1.0,1234,0.903289,75,75,1024,250,265,0.37
dinov2-large,patch_mean,aspect_matched,10.0,1234,0.898311,75,75,1024,250,265,0.37
dinov2-large,patch_mean,random,0.01,42,0.892089,75,75,1024,250,265,0.55
dinov2-large,patch_mean,random,0.1,42,0.900267,75,75,1024,250,265,0.55
dinov2-large,patch_mean,random,1.0,42,0.899556,75,75,1024,250,265,0.55
dinov2-large,patch_mean,random,10.0,42,0.8976,75,75,1024,250,265,0.55
dinov2-large,patch_mean,random,0.01,7,0.960533,75,75,1024,250,265,0.55
dinov2-large,patch_mean,random,0.1,7,0.960533,75,75,1024,250,265,0.55
dinov2-large,patch_mean,random,1.0,7,0.960178,75,75,1024,250,265,0.55
dinov2-large,patch_mean,random,10.0,7,0.9616,75,75,1024,250,265,0.55
dinov2-large,patch_mean,random,0.01,17,0.882844,75,75,1024,250,265,0.55
dinov2-large,patch_mean,random,0.1,17,0.887822,75,75,1024,250,265,0.55
dinov2-large,patch_mean,random,1.0,17,0.889956,75,75,1024,250,265,0.55
dinov2-large,patch_mean,random,10.0,17,0.890133,75,75,1024,250,265,0.55
dinov2-large,patch_mean,random,0.01,23,0.921422,75,75,1024,250,265,0.55
dinov2-large,patch_mean,random,0.1,23,0.924622,75,75,1024,250,265,0.55
dinov2-large,patch_mean,random,1.0,23,0.927289,75,75,1024,250,265,0.55
dinov2-large,patch_mean,random,10.0,23,0.927111,75,75,1024,250,265,0.55
dinov2-large,patch_mean,random,0.01,99,0.920697,76,74,1024,250,265,0.55
dinov2-large,patch_mean,random,0.1,99,0.924609,76,74,1024,250,265,0.55
dinov2-large,patch_mean,random,1.0,99,0.926565,76,74,1024,250,265,0.55
dinov2-large,patch_mean,random,10.0,99,0.921942,76,74,1024,250,265,0.55
dinov2-large,patch_mean,random,0.01,1234,0.895111,75,75,1024,250,265,0.55
dinov2-large,patch_mean,random,0.1,1234,0.899022,75,75,1024,250,265,0.55
dinov2-large,patch_mean,random,1.0,1234,0.898844,75,75,1024,250,265,0.55
dinov2-large,patch_mean,random,10.0,1234,0.897422,75,75,1024,250,265,0.55
dinov2-large,patch_gem,clip_matched,0.01,42,0.888356,75,75,1024,250,265,0.19
dinov2-large,patch_gem,clip_matched,0.1,42,0.889778,75,75,1024,250,265,0.19
dinov2-large,patch_gem,clip_matched,1.0,42,0.888178,75,75,1024,250,265,0.19
dinov2-large,patch_gem,clip_matched,10.0,42,0.888889,75,75,1024,250,265,0.19
dinov2-large,patch_gem,clip_matched,0.01,7,0.935822,75,75,1024,250,265,0.19
dinov2-large,patch_gem,clip_matched,0.1,7,0.9264,75,75,1024,250,265,0.19
dinov2-large,patch_gem,clip_matched,1.0,7,0.925156,75,75,1024,250,265,0.19
dinov2-large,patch_gem,clip_matched,10.0,7,0.924622,75,75,1024,250,265,0.19
dinov2-large,patch_gem,clip_matched,0.01,17,0.9104,75,75,1024,250,265,0.19
dinov2-large,patch_gem,clip_matched,0.1,17,0.914489,75,75,1024,250,265,0.19
dinov2-large,patch_gem,clip_matched,1.0,17,0.914489,75,75,1024,250,265,0.19
dinov2-large,patch_gem,clip_matched,10.0,17,0.912356,75,75,1024,250,265,0.19
dinov2-large,patch_gem,clip_matched,0.01,23,0.918222,75,75,1024,250,265,0.19
dinov2-large,patch_gem,clip_matched,0.1,23,0.917333,75,75,1024,250,265,0.19
dinov2-large,patch_gem,clip_matched,1.0,23,0.916267,75,75,1024,250,265,0.19
dinov2-large,patch_gem,clip_matched,10.0,23,0.910578,75,75,1024,250,265,0.19
dinov2-large,patch_gem,clip_matched,0.01,99,0.922844,75,75,1024,250,265,0.19
dinov2-large,patch_gem,clip_matched,0.1,99,0.9248,75,75,1024,250,265,0.19
dinov2-large,patch_gem,clip_matched,1.0,99,0.927467,75,75,1024,250,265,0.19
dinov2-large,patch_gem,clip_matched,10.0,99,0.928356,75,75,1024,250,265,0.19
dinov2-large,patch_gem,clip_matched,0.01,1234,0.864889,75,75,1024,250,265,0.19
dinov2-large,patch_gem,clip_matched,0.1,1234,0.868267,75,75,1024,250,265,0.19
dinov2-large,patch_gem,clip_matched,1.0,1234,0.866311,75,75,1024,250,265,0.19
dinov2-large,patch_gem,clip_matched,10.0,1234,0.865956,75,75,1024,250,265,0.19
dinov2-large,patch_gem,aspect_matched,0.01,42,0.9248,75,75,1024,250,265,0.36
dinov2-large,patch_gem,aspect_matched,0.1,42,0.923556,75,75,1024,250,265,0.36
dinov2-large,patch_gem,aspect_matched,1.0,42,0.922489,75,75,1024,250,265,0.36
dinov2-large,patch_gem,aspect_matched,10.0,42,0.918933,75,75,1024,250,265,0.36
dinov2-large,patch_gem,aspect_matched,0.01,7,0.932267,75,75,1024,250,265,0.36
dinov2-large,patch_gem,aspect_matched,0.1,7,0.929244,75,75,1024,250,265,0.36
dinov2-large,patch_gem,aspect_matched,1.0,7,0.923556,75,75,1024,250,265,0.36
dinov2-large,patch_gem,aspect_matched,10.0,7,0.917511,75,75,1024,250,265,0.36
dinov2-large,patch_gem,aspect_matched,0.01,17,0.927467,75,75,1024,250,265,0.36
dinov2-large,patch_gem,aspect_matched,0.1,17,0.923556,75,75,1024,250,265,0.36
dinov2-large,patch_gem,aspect_matched,1.0,17,0.9216,75,75,1024,250,265,0.36
dinov2-large,patch_gem,aspect_matched,10.0,17,0.921244,75,75,1024,250,265,0.36
dinov2-large,patch_gem,aspect_matched,0.01,23,0.935644,75,75,1024,250,265,0.36
dinov2-large,patch_gem,aspect_matched,0.1,23,0.933156,75,75,1024,250,265,0.36
dinov2-large,patch_gem,aspect_matched,1.0,23,0.928711,75,75,1024,250,265,0.36
dinov2-large,patch_gem,aspect_matched,10.0,23,0.928178,75,75,1024,250,265,0.36
dinov2-large,patch_gem,aspect_matched,0.01,99,0.952347,74,76,1024,250,265,0.36
dinov2-large,patch_gem,aspect_matched,0.1,99,0.950747,74,76,1024,250,265,0.36
dinov2-large,patch_gem,aspect_matched,1.0,99,0.948435,74,76,1024,250,265,0.36
dinov2-large,patch_gem,aspect_matched,10.0,99,0.945413,74,76,1024,250,265,0.36
dinov2-large,patch_gem,aspect_matched,0.01,1234,0.9184,75,75,1024,250,265,0.36
dinov2-large,patch_gem,aspect_matched,0.1,1234,0.909156,75,75,1024,250,265,0.36
dinov2-large,patch_gem,aspect_matched,1.0,1234,0.905067,75,75,1024,250,265,0.36
dinov2-large,patch_gem,aspect_matched,10.0,1234,0.898133,75,75,1024,250,265,0.36
dinov2-large,patch_gem,random,0.01,42,0.896356,75,75,1024,250,265,0.53
dinov2-large,patch_gem,random,0.1,42,0.897422,75,75,1024,250,265,0.53
dinov2-large,patch_gem,random,1.0,42,0.896533,75,75,1024,250,265,0.53
dinov2-large,patch_gem,random,10.0,42,0.891911,75,75,1024,250,265,0.53
dinov2-large,patch_gem,random,0.01,7,0.955378,75,75,1024,250,265,0.53
dinov2-large,patch_gem,random,0.1,7,0.957333,75,75,1024,250,265,0.53
dinov2-large,patch_gem,random,1.0,7,0.956089,75,75,1024,250,265,0.53
dinov2-large,patch_gem,random,10.0,7,0.955556,75,75,1024,250,265,0.53
dinov2-large,patch_gem,random,0.01,17,0.886933,75,75,1024,250,265,0.53
dinov2-large,patch_gem,random,0.1,17,0.892622,75,75,1024,250,265,0.53
dinov2-large,patch_gem,random,1.0,17,0.894044,75,75,1024,250,265,0.53
dinov2-large,patch_gem,random,10.0,17,0.8912,75,75,1024,250,265,0.53
dinov2-large,patch_gem,random,0.01,23,0.921422,75,75,1024,250,265,0.53
dinov2-large,patch_gem,random,0.1,23,0.922844,75,75,1024,250,265,0.53
dinov2-large,patch_gem,random,1.0,23,0.920889,75,75,1024,250,265,0.53
dinov2-large,patch_gem,random,10.0,23,0.92,75,75,1024,250,265,0.53
dinov2-large,patch_gem,random,0.01,99,0.924609,76,74,1024,250,265,0.53
dinov2-large,patch_gem,random,0.1,99,0.92941,76,74,1024,250,265,0.53
dinov2-large,patch_gem,random,1.0,99,0.930654,76,74,1024,250,265,0.53
dinov2-large,patch_gem,random,10.0,99,0.928698,76,74,1024,250,265,0.53
dinov2-large,patch_gem,random,0.01,1234,0.887289,75,75,1024,250,265,0.53
dinov2-large,patch_gem,random,0.1,1234,0.889422,75,75,1024,250,265,0.53
dinov2-large,patch_gem,random,1.0,1234,0.889067,75,75,1024,250,265,0.53
dinov2-large,patch_gem,random,10.0,1234,0.887644,75,75,1024,250,265,0.53
dinov2-large,cls_patch,clip_matched,0.01,42,0.887467,75,75,2048,250,265,5.56
dinov2-large,cls_patch,clip_matched,0.1,42,0.889422,75,75,2048,250,265,5.56
dinov2-large,cls_patch,clip_matched,1.0,42,0.890667,75,75,2048,250,265,5.56
dinov2-large,cls_patch,clip_matched,10.0,42,0.893156,75,75,2048,250,265,5.56
dinov2-large,cls_patch,clip_matched,0.01,7,0.924089,75,75,2048,250,265,5.56
dinov2-large,cls_patch,clip_matched,0.1,7,0.920533,75,75,2048,250,265,5.56
dinov2-large,cls_patch,clip_matched,1.0,7,0.920356,75,75,2048,250,265,5.56
dinov2-large,cls_patch,clip_matched,10.0,7,0.914133,75,75,2048,250,265,5.56
dinov2-large,cls_patch,clip_matched,0.01,17,0.904,75,75,2048,250,265,5.56
dinov2-large,cls_patch,clip_matched,0.1,17,0.901156,75,75,2048,250,265,5.56
dinov2-large,cls_patch,clip_matched,1.0,17,0.900267,75,75,2048,250,265,5.56
dinov2-large,cls_patch,clip_matched,10.0,17,0.898489,75,75,2048,250,265,5.56
dinov2-large,cls_patch,clip_matched,0.01,23,0.9184,75,75,2048,250,265,5.56
dinov2-large,cls_patch,clip_matched,0.1,23,0.915556,75,75,2048,250,265,5.56
dinov2-large,cls_patch,clip_matched,1.0,23,0.916622,75,75,2048,250,265,5.56
dinov2-large,cls_patch,clip_matched,10.0,23,0.915911,75,75,2048,250,265,5.56
dinov2-large,cls_patch,clip_matched,0.01,99,0.913067,75,75,2048,250,265,5.56
dinov2-large,cls_patch,clip_matched,0.1,99,0.917333,75,75,2048,250,265,5.56
dinov2-large,cls_patch,clip_matched,1.0,99,0.918222,75,75,2048,250,265,5.56
dinov2-large,cls_patch,clip_matched,10.0,99,0.913067,75,75,2048,250,265,5.56
dinov2-large,cls_patch,clip_matched,0.01,1234,0.887111,75,75,2048,250,265,5.56
dinov2-large,cls_patch,clip_matched,0.1,1234,0.888178,75,75,2048,250,265,5.56
dinov2-large,cls_patch,clip_matched,1.0,1234,0.888711,75,75,2048,250,265,5.56
dinov2-large,cls_patch,clip_matched,10.0,1234,0.888178,75,75,2048,250,265,5.56
dinov2-large,cls_patch,aspect_matched,0.01,42,0.918933,75,75,2048,250,265,10.41
dinov2-large,cls_patch,aspect_matched,0.1,42,0.923022,75,75,2048,250,265,10.41
dinov2-large,cls_patch,aspect_matched,1.0,42,0.921956,75,75,2048,250,265,10.41
dinov2-large,cls_patch,aspect_matched,10.0,42,0.925511,75,75,2048,250,265,10.41
dinov2-large,cls_patch,aspect_matched,0.01,7,0.922133,75,75,2048,250,265,10.41
dinov2-large,cls_patch,aspect_matched,0.1,7,0.920356,75,75,2048,250,265,10.41
dinov2-large,cls_patch,aspect_matched,1.0,7,0.921956,75,75,2048,250,265,10.41
dinov2-large,cls_patch,aspect_matched,10.0,7,0.918578,75,75,2048,250,265,10.41
dinov2-large,cls_patch,aspect_matched,0.01,17,0.919289,75,75,2048,250,265,10.41
dinov2-large,cls_patch,aspect_matched,0.1,17,0.917333,75,75,2048,250,265,10.41
dinov2-large,cls_patch,aspect_matched,1.0,17,0.917689,75,75,2048,250,265,10.41
dinov2-large,cls_patch,aspect_matched,10.0,17,0.918222,75,75,2048,250,265,10.41
dinov2-large,cls_patch,aspect_matched,0.01,23,0.941156,75,75,2048,250,265,10.41
dinov2-large,cls_patch,aspect_matched,0.1,23,0.939733,75,75,2048,250,265,10.41
dinov2-large,cls_patch,aspect_matched,1.0,23,0.939022,75,75,2048,250,265,10.41
dinov2-large,cls_patch,aspect_matched,10.0,23,0.935822,75,75,2048,250,265,10.41
dinov2-large,cls_patch,aspect_matched,0.01,99,0.950391,74,76,2048,250,265,10.41
dinov2-large,cls_patch,aspect_matched,0.1,99,0.949858,74,76,2048,250,265,10.41
dinov2-large,cls_patch,aspect_matched,1.0,99,0.948969,74,76,2048,250,265,10.41
dinov2-large,cls_patch,aspect_matched,10.0,99,0.947724,74,76,2048,250,265,10.41
dinov2-large,cls_patch,aspect_matched,0.01,1234,0.926578,75,75,2048,250,265,10.41
dinov2-large,cls_patch,aspect_matched,0.1,1234,0.924978,75,75,2048,250,265,10.41
dinov2-large,cls_patch,aspect_matched,1.0,1234,0.923733,75,75,2048,250,265,10.41
dinov2-large,cls_patch,aspect_matched,10.0,1234,0.918578,75,75,2048,250,265,10.41
dinov2-large,cls_patch,random,0.01,42,0.883378,75,75,2048,250,265,15.25
dinov2-large,cls_patch,random,0.1,42,0.88,75,75,2048,250,265,15.25
dinov2-large,cls_patch,random,1.0,42,0.879822,75,75,2048,250,265,15.25
dinov2-large,cls_patch,random,10.0,42,0.880533,75,75,2048,250,265,15.25
dinov2-large,cls_patch,random,0.01,7,0.9408,75,75,2048,250,265,15.25
dinov2-large,cls_patch,random,0.1,7,0.942756,75,75,2048,250,265,15.25
dinov2-large,cls_patch,random,1.0,7,0.941689,75,75,2048,250,265,15.25
dinov2-large,cls_patch,random,10.0,7,0.939733,75,75,2048,250,265,15.25
dinov2-large,cls_patch,random,0.01,17,0.887111,75,75,2048,250,265,15.25
dinov2-large,cls_patch,random,0.1,17,0.8832,75,75,2048,250,265,15.25
dinov2-large,cls_patch,random,1.0,17,0.883556,75,75,2048,250,265,15.25
dinov2-large,cls_patch,random,10.0,17,0.883378,75,75,2048,250,265,15.25
dinov2-large,cls_patch,random,0.01,23,0.928,75,75,2048,250,265,15.25
dinov2-large,cls_patch,random,0.1,23,0.926756,75,75,2048,250,265,15.25
dinov2-large,cls_patch,random,1.0,23,0.925333,75,75,2048,250,265,15.25
dinov2-large,cls_patch,random,10.0,23,0.924089,75,75,2048,250,265,15.25
dinov2-large,cls_patch,random,0.01,99,0.911095,76,74,2048,250,265,15.25
dinov2-large,cls_patch,random,0.1,99,0.908073,76,74,2048,250,265,15.25
dinov2-large,cls_patch,random,1.0,99,0.906117,76,74,2048,250,265,15.25
dinov2-large,cls_patch,random,10.0,99,0.904516,76,74,2048,250,265,15.25
dinov2-large,cls_patch,random,0.01,1234,0.904178,75,75,2048,250,265,15.25
dinov2-large,cls_patch,random,0.1,1234,0.900978,75,75,2048,250,265,15.25
dinov2-large,cls_patch,random,1.0,1234,0.900089,75,75,2048,250,265,15.25
dinov2-large,cls_patch,random,10.0,1234,0.897244,75,75,2048,250,265,15.25
dinov2-giant,cls,clip_matched,0.01,42,0.880356,75,75,1536,250,265,4.47
dinov2-giant,cls,clip_matched,0.1,42,0.879289,75,75,1536,250,265,4.47
dinov2-giant,cls,clip_matched,1.0,42,0.876978,75,75,1536,250,265,4.47
dinov2-giant,cls,clip_matched,10.0,42,0.870756,75,75,1536,250,265,4.47
dinov2-giant,cls,clip_matched,0.01,7,0.897778,75,75,1536,250,265,4.47
dinov2-giant,cls,clip_matched,0.1,7,0.895644,75,75,1536,250,265,4.47
dinov2-giant,cls,clip_matched,1.0,7,0.894222,75,75,1536,250,265,4.47
dinov2-giant,cls,clip_matched,10.0,7,0.893689,75,75,1536,250,265,4.47
dinov2-giant,cls,clip_matched,0.01,17,0.914133,75,75,1536,250,265,4.47
dinov2-giant,cls,clip_matched,0.1,17,0.912889,75,75,1536,250,265,4.47
dinov2-giant,cls,clip_matched,1.0,17,0.911111,75,75,1536,250,265,4.47
dinov2-giant,cls,clip_matched,10.0,17,0.9072,75,75,1536,250,265,4.47
dinov2-giant,cls,clip_matched,0.01,23,0.903289,75,75,1536,250,265,4.47
dinov2-giant,cls,clip_matched,0.1,23,0.903467,75,75,1536,250,265,4.47
dinov2-giant,cls,clip_matched,1.0,23,0.903111,75,75,1536,250,265,4.47
dinov2-giant,cls,clip_matched,10.0,23,0.902044,75,75,1536,250,265,4.47
dinov2-giant,cls,clip_matched,0.01,99,0.908089,75,75,1536,250,265,4.47
dinov2-giant,cls,clip_matched,0.1,99,0.905422,75,75,1536,250,265,4.47
dinov2-giant,cls,clip_matched,1.0,99,0.903644,75,75,1536,250,265,4.47
dinov2-giant,cls,clip_matched,10.0,99,0.9008,75,75,1536,250,265,4.47
dinov2-giant,cls,clip_matched,0.01,1234,0.8816,75,75,1536,250,265,4.47
dinov2-giant,cls,clip_matched,0.1,1234,0.879111,75,75,1536,250,265,4.47
dinov2-giant,cls,clip_matched,1.0,1234,0.878578,75,75,1536,250,265,4.47
dinov2-giant,cls,clip_matched,10.0,1234,0.876622,75,75,1536,250,265,4.47
dinov2-giant,cls,aspect_matched,0.01,42,0.879822,75,75,1536,250,265,8.27
dinov2-giant,cls,aspect_matched,0.1,42,0.879289,75,75,1536,250,265,8.27
dinov2-giant,cls,aspect_matched,1.0,42,0.878044,75,75,1536,250,265,8.27
dinov2-giant,cls,aspect_matched,10.0,42,0.877511,75,75,1536,250,265,8.27
dinov2-giant,cls,aspect_matched,0.01,7,0.919822,75,75,1536,250,265,8.27
dinov2-giant,cls,aspect_matched,0.1,7,0.918933,75,75,1536,250,265,8.27
dinov2-giant,cls,aspect_matched,1.0,7,0.917689,75,75,1536,250,265,8.27
dinov2-giant,cls,aspect_matched,10.0,7,0.914667,75,75,1536,250,265,8.27
dinov2-giant,cls,aspect_matched,0.01,17,0.925867,75,75,1536,250,265,8.27
dinov2-giant,cls,aspect_matched,0.1,17,0.923911,75,75,1536,250,265,8.27
dinov2-giant,cls,aspect_matched,1.0,17,0.922133,75,75,1536,250,265,8.27
dinov2-giant,cls,aspect_matched,10.0,17,0.917511,75,75,1536,250,265,8.27
dinov2-giant,cls,aspect_matched,0.01,23,0.939733,75,75,1536,250,265,8.27
dinov2-giant,cls,aspect_matched,0.1,23,0.9392,75,75,1536,250,265,8.27
dinov2-giant,cls,aspect_matched,1.0,23,0.9376,75,75,1536,250,265,8.27
dinov2-giant,cls,aspect_matched,10.0,23,0.935644,75,75,1536,250,265,8.27
dinov2-giant,cls,aspect_matched,0.01,99,0.938478,74,76,1536,250,265,8.27
dinov2-giant,cls,aspect_matched,0.1,99,0.935277,74,76,1536,250,265,8.27
dinov2-giant,cls,aspect_matched,1.0,99,0.932966,74,76,1536,250,265,8.27
dinov2-giant,cls,aspect_matched,10.0,99,0.927454,74,76,1536,250,265,8.27
dinov2-giant,cls,aspect_matched,0.01,1234,0.923022,75,75,1536,250,265,8.27
dinov2-giant,cls,aspect_matched,0.1,1234,0.914311,75,75,1536,250,265,8.27
dinov2-giant,cls,aspect_matched,1.0,1234,0.912,75,75,1536,250,265,8.27
dinov2-giant,cls,aspect_matched,10.0,1234,0.904889,75,75,1536,250,265,8.27
dinov2-giant,cls,random,0.01,42,0.911467,75,75,1536,250,265,13.54
dinov2-giant,cls,random,0.1,42,0.911111,75,75,1536,250,265,13.54
dinov2-giant,cls,random,1.0,42,0.911644,75,75,1536,250,265,13.54
dinov2-giant,cls,random,10.0,42,0.910578,75,75,1536,250,265,13.54
dinov2-giant,cls,random,0.01,7,0.925867,75,75,1536,250,265,13.54
dinov2-giant,cls,random,0.1,7,0.923556,75,75,1536,250,265,13.54
dinov2-giant,cls,random,1.0,7,0.923911,75,75,1536,250,265,13.54
dinov2-giant,cls,random,10.0,7,0.925156,75,75,1536,250,265,13.54
dinov2-giant,cls,random,0.01,17,0.910756,75,75,1536,250,265,13.54
dinov2-giant,cls,random,0.1,17,0.910222,75,75,1536,250,265,13.54
dinov2-giant,cls,random,1.0,17,0.910933,75,75,1536,250,265,13.54
dinov2-giant,cls,random,10.0,17,0.909511,75,75,1536,250,265,13.54
dinov2-giant,cls,random,0.01,23,0.910222,75,75,1536,250,265,13.54
dinov2-giant,cls,random,0.1,23,0.912178,75,75,1536,250,265,13.54
dinov2-giant,cls,random,1.0,23,0.910222,75,75,1536,250,265,13.54
dinov2-giant,cls,random,10.0,23,0.906844,75,75,1536,250,265,13.54
dinov2-giant,cls,random,0.01,99,0.906472,76,74,1536,250,265,13.54
dinov2-giant,cls,random,0.1,99,0.904872,76,74,1536,250,265,13.54
dinov2-giant,cls,random,1.0,99,0.904694,76,74,1536,250,265,13.54
dinov2-giant,cls,random,10.0,99,0.90345,76,74,1536,250,265,13.54
dinov2-giant,cls,random,0.01,1234,0.909333,75,75,1536,250,265,13.54
dinov2-giant,cls,random,0.1,1234,0.9056,75,75,1536,250,265,13.54
dinov2-giant,cls,random,1.0,1234,0.905778,75,75,1536,250,265,13.54
dinov2-giant,cls,random,10.0,1234,0.899378,75,75,1536,250,265,13.54
dinov2-giant,patch_mean,clip_matched,0.01,42,0.8992,75,75,1536,250,265,5.7
dinov2-giant,patch_mean,clip_matched,0.1,42,0.901689,75,75,1536,250,265,5.7
dinov2-giant,patch_mean,clip_matched,1.0,42,0.900978,75,75,1536,250,265,5.7
dinov2-giant,patch_mean,clip_matched,10.0,42,0.895111,75,75,1536,250,265,5.7
dinov2-giant,patch_mean,clip_matched,0.01,7,0.9344,75,75,1536,250,265,5.7
dinov2-giant,patch_mean,clip_matched,0.1,7,0.935467,75,75,1536,250,265,5.7
dinov2-giant,patch_mean,clip_matched,1.0,7,0.936,75,75,1536,250,265,5.7
dinov2-giant,patch_mean,clip_matched,10.0,7,0.928533,75,75,1536,250,265,5.7
dinov2-giant,patch_mean,clip_matched,0.01,17,0.916444,75,75,1536,250,265,5.7
dinov2-giant,patch_mean,clip_matched,0.1,17,0.918044,75,75,1536,250,265,5.7
dinov2-giant,patch_mean,clip_matched,1.0,17,0.9152,75,75,1536,250,265,5.7
dinov2-giant,patch_mean,clip_matched,10.0,17,0.908089,75,75,1536,250,265,5.7
dinov2-giant,patch_mean,clip_matched,0.01,23,0.938311,75,75,1536,250,265,5.7
dinov2-giant,patch_mean,clip_matched,0.1,23,0.940978,75,75,1536,250,265,5.7
dinov2-giant,patch_mean,clip_matched,1.0,23,0.938311,75,75,1536,250,265,5.7
dinov2-giant,patch_mean,clip_matched,10.0,23,0.933867,75,75,1536,250,265,5.7
dinov2-giant,patch_mean,clip_matched,0.01,99,0.924978,75,75,1536,250,265,5.7
dinov2-giant,patch_mean,clip_matched,0.1,99,0.926222,75,75,1536,250,265,5.7
dinov2-giant,patch_mean,clip_matched,1.0,99,0.9248,75,75,1536,250,265,5.7
dinov2-giant,patch_mean,clip_matched,10.0,99,0.921422,75,75,1536,250,265,5.7
dinov2-giant,patch_mean,clip_matched,0.01,1234,0.909333,75,75,1536,250,265,5.7
dinov2-giant,patch_mean,clip_matched,0.1,1234,0.910756,75,75,1536,250,265,5.7
dinov2-giant,patch_mean,clip_matched,1.0,1234,0.9104,75,75,1536,250,265,5.7
dinov2-giant,patch_mean,clip_matched,10.0,1234,0.9088,75,75,1536,250,265,5.7
dinov2-giant,patch_mean,aspect_matched,0.01,42,0.925156,75,75,1536,250,265,11.12
dinov2-giant,patch_mean,aspect_matched,0.1,42,0.925156,75,75,1536,250,265,11.12
dinov2-giant,patch_mean,aspect_matched,1.0,42,0.9232,75,75,1536,250,265,11.12
dinov2-giant,patch_mean,aspect_matched,10.0,42,0.920178,75,75,1536,250,265,11.12
dinov2-giant,patch_mean,aspect_matched,0.01,7,0.929244,75,75,1536,250,265,11.12
dinov2-giant,patch_mean,aspect_matched,0.1,7,0.926933,75,75,1536,250,265,11.12
dinov2-giant,patch_mean,aspect_matched,1.0,7,0.925689,75,75,1536,250,265,11.12
dinov2-giant,patch_mean,aspect_matched,10.0,7,0.924089,75,75,1536,250,265,11.12
dinov2-giant,patch_mean,aspect_matched,0.01,17,0.931911,75,75,1536,250,265,11.12
dinov2-giant,patch_mean,aspect_matched,0.1,17,0.931556,75,75,1536,250,265,11.12
dinov2-giant,patch_mean,aspect_matched,1.0,17,0.929956,75,75,1536,250,265,11.12
dinov2-giant,patch_mean,aspect_matched,10.0,17,0.925511,75,75,1536,250,265,11.12
dinov2-giant,patch_mean,aspect_matched,0.01,23,0.9472,75,75,1536,250,265,11.12
dinov2-giant,patch_mean,aspect_matched,0.1,23,0.943289,75,75,1536,250,265,11.12
dinov2-giant,patch_mean,aspect_matched,1.0,23,0.938667,75,75,1536,250,265,11.12
dinov2-giant,patch_mean,aspect_matched,10.0,23,0.934933,75,75,1536,250,265,11.12
dinov2-giant,patch_mean,aspect_matched,0.01,99,0.950569,74,76,1536,250,265,11.12
dinov2-giant,patch_mean,aspect_matched,0.1,99,0.948257,74,76,1536,250,265,11.12
dinov2-giant,patch_mean,aspect_matched,1.0,99,0.944523,74,76,1536,250,265,11.12
dinov2-giant,patch_mean,aspect_matched,10.0,99,0.942212,74,76,1536,250,265,11.12
dinov2-giant,patch_mean,aspect_matched,0.01,1234,0.929422,75,75,1536,250,265,11.12
dinov2-giant,patch_mean,aspect_matched,0.1,1234,0.9232,75,75,1536,250,265,11.12
dinov2-giant,patch_mean,aspect_matched,1.0,1234,0.921778,75,75,1536,250,265,11.12
dinov2-giant,patch_mean,aspect_matched,10.0,1234,0.917333,75,75,1536,250,265,11.12
dinov2-giant,patch_mean,random,0.01,42,0.896711,75,75,1536,250,265,16.07
dinov2-giant,patch_mean,random,0.1,42,0.8976,75,75,1536,250,265,16.07
dinov2-giant,patch_mean,random,1.0,42,0.896711,75,75,1536,250,265,16.07
dinov2-giant,patch_mean,random,10.0,42,0.893867,75,75,1536,250,265,16.07
dinov2-giant,patch_mean,random,0.01,7,0.960178,75,75,1536,250,265,16.07
dinov2-giant,patch_mean,random,0.1,7,0.964267,75,75,1536,250,265,16.07
dinov2-giant,patch_mean,random,1.0,7,0.963733,75,75,1536,250,265,16.07
dinov2-giant,patch_mean,random,10.0,7,0.959822,75,75,1536,250,265,16.07
dinov2-giant,patch_mean,random,0.01,17,0.904178,75,75,1536,250,265,16.07
dinov2-giant,patch_mean,random,0.1,17,0.901511,75,75,1536,250,265,16.07
dinov2-giant,patch_mean,random,1.0,17,0.9008,75,75,1536,250,265,16.07
dinov2-giant,patch_mean,random,10.0,17,0.898133,75,75,1536,250,265,16.07
dinov2-giant,patch_mean,random,0.01,23,0.942933,75,75,1536,250,265,16.07
dinov2-giant,patch_mean,random,0.1,23,0.944711,75,75,1536,250,265,16.07
dinov2-giant,patch_mean,random,1.0,23,0.942756,75,75,1536,250,265,16.07
dinov2-giant,patch_mean,random,10.0,23,0.936356,75,75,1536,250,265,16.07
dinov2-giant,patch_mean,random,0.01,99,0.923898,76,74,1536,250,265,16.07
dinov2-giant,patch_mean,random,0.1,99,0.923364,76,74,1536,250,265,16.07
dinov2-giant,patch_mean,random,1.0,99,0.92123,76,74,1536,250,265,16.07
dinov2-giant,patch_mean,random,10.0,99,0.915718,76,74,1536,250,265,16.07
dinov2-giant,patch_mean,random,0.01,1234,0.919822,75,75,1536,250,265,16.07
dinov2-giant,patch_mean,random,0.1,1234,0.916089,75,75,1536,250,265,16.07
dinov2-giant,patch_mean,random,1.0,1234,0.914311,75,75,1536,250,265,16.07
dinov2-giant,patch_mean,random,10.0,1234,0.913778,75,75,1536,250,265,16.07
dinov2-giant,patch_gem,clip_matched,0.01,42,0.887822,75,75,1536,250,265,4.96
dinov2-giant,patch_gem,clip_matched,0.1,42,0.888533,75,75,1536,250,265,4.96
dinov2-giant,patch_gem,clip_matched,1.0,42,0.888711,75,75,1536,250,265,4.96
dinov2-giant,patch_gem,clip_matched,10.0,42,0.885689,75,75,1536,250,265,4.96
dinov2-giant,patch_gem,clip_matched,0.01,7,0.932267,75,75,1536,250,265,4.96
dinov2-giant,patch_gem,clip_matched,0.1,7,0.931911,75,75,1536,250,265,4.96
dinov2-giant,patch_gem,clip_matched,1.0,7,0.930489,75,75,1536,250,265,4.96
dinov2-giant,patch_gem,clip_matched,10.0,7,0.923733,75,75,1536,250,265,4.96
dinov2-giant,patch_gem,clip_matched,0.01,17,0.9184,75,75,1536,250,265,4.96
dinov2-giant,patch_gem,clip_matched,0.1,17,0.916444,75,75,1536,250,265,4.96
dinov2-giant,patch_gem,clip_matched,1.0,17,0.915556,75,75,1536,250,265,4.96
dinov2-giant,patch_gem,clip_matched,10.0,17,0.913067,75,75,1536,250,265,4.96
dinov2-giant,patch_gem,clip_matched,0.01,23,0.931556,75,75,1536,250,265,4.96
dinov2-giant,patch_gem,clip_matched,0.1,23,0.9328,75,75,1536,250,265,4.96
dinov2-giant,patch_gem,clip_matched,1.0,23,0.932622,75,75,1536,250,265,4.96
dinov2-giant,patch_gem,clip_matched,10.0,23,0.9264,75,75,1536,250,265,4.96
dinov2-giant,patch_gem,clip_matched,0.01,99,0.916622,75,75,1536,250,265,4.96
dinov2-giant,patch_gem,clip_matched,0.1,99,0.918578,75,75,1536,250,265,4.96
dinov2-giant,patch_gem,clip_matched,1.0,99,0.918578,75,75,1536,250,265,4.96
dinov2-giant,patch_gem,clip_matched,10.0,99,0.916622,75,75,1536,250,265,4.96
dinov2-giant,patch_gem,clip_matched,0.01,1234,0.894756,75,75,1536,250,265,4.96
dinov2-giant,patch_gem,clip_matched,0.1,1234,0.895644,75,75,1536,250,265,4.96
dinov2-giant,patch_gem,clip_matched,1.0,1234,0.894756,75,75,1536,250,265,4.96
dinov2-giant,patch_gem,clip_matched,10.0,1234,0.893689,75,75,1536,250,265,4.96
dinov2-giant,patch_gem,aspect_matched,0.01,42,0.919111,75,75,1536,250,265,9.92
dinov2-giant,patch_gem,aspect_matched,0.1,42,0.916444,75,75,1536,250,265,9.92
dinov2-giant,patch_gem,aspect_matched,1.0,42,0.914667,75,75,1536,250,265,9.92
dinov2-giant,patch_gem,aspect_matched,10.0,42,0.910933,75,75,1536,250,265,9.92
dinov2-giant,patch_gem,aspect_matched,0.01,7,0.933511,75,75,1536,250,265,9.92
dinov2-giant,patch_gem,aspect_matched,0.1,7,0.932089,75,75,1536,250,265,9.92
dinov2-giant,patch_gem,aspect_matched,1.0,7,0.9312,75,75,1536,250,265,9.92
dinov2-giant,patch_gem,aspect_matched,10.0,7,0.925511,75,75,1536,250,265,9.92
dinov2-giant,patch_gem,aspect_matched,0.01,17,0.929067,75,75,1536,250,265,9.92
dinov2-giant,patch_gem,aspect_matched,0.1,17,0.928889,75,75,1536,250,265,9.92
dinov2-giant,patch_gem,aspect_matched,1.0,17,0.9264,75,75,1536,250,265,9.92
dinov2-giant,patch_gem,aspect_matched,10.0,17,0.924978,75,75,1536,250,265,9.92
dinov2-giant,patch_gem,aspect_matched,0.01,23,0.932267,75,75,1536,250,265,9.92
dinov2-giant,patch_gem,aspect_matched,0.1,23,0.928356,75,75,1536,250,265,9.92
dinov2-giant,patch_gem,aspect_matched,1.0,23,0.925511,75,75,1536,250,265,9.92
dinov2-giant,patch_gem,aspect_matched,10.0,23,0.921244,75,75,1536,250,265,9.92
dinov2-giant,patch_gem,aspect_matched,0.01,99,0.953058,74,76,1536,250,265,9.92
dinov2-giant,patch_gem,aspect_matched,0.1,99,0.951991,74,76,1536,250,265,9.92
dinov2-giant,patch_gem,aspect_matched,1.0,99,0.945413,74,76,1536,250,265,9.92
dinov2-giant,patch_gem,aspect_matched,10.0,99,0.944523,74,76,1536,250,265,9.92
dinov2-giant,patch_gem,aspect_matched,0.01,1234,0.934756,75,75,1536,250,265,9.92
dinov2-giant,patch_gem,aspect_matched,0.1,1234,0.9312,75,75,1536,250,265,9.92
dinov2-giant,patch_gem,aspect_matched,1.0,1234,0.927822,75,75,1536,250,265,9.92
dinov2-giant,patch_gem,aspect_matched,10.0,1234,0.9264,75,75,1536,250,265,9.92
dinov2-giant,patch_gem,random,0.01,42,0.894933,75,75,1536,250,265,14.83
dinov2-giant,patch_gem,random,0.1,42,0.890489,75,75,1536,250,265,14.83
dinov2-giant,patch_gem,random,1.0,42,0.889067,75,75,1536,250,265,14.83
dinov2-giant,patch_gem,random,10.0,42,0.883911,75,75,1536,250,265,14.83
dinov2-giant,patch_gem,random,0.01,7,0.9536,75,75,1536,250,265,14.83
dinov2-giant,patch_gem,random,0.1,7,0.953244,75,75,1536,250,265,14.83
dinov2-giant,patch_gem,random,1.0,7,0.952,75,75,1536,250,265,14.83
dinov2-giant,patch_gem,random,10.0,7,0.948978,75,75,1536,250,265,14.83
dinov2-giant,patch_gem,random,0.01,17,0.894756,75,75,1536,250,265,14.83
dinov2-giant,patch_gem,random,0.1,17,0.895289,75,75,1536,250,265,14.83
dinov2-giant,patch_gem,random,1.0,17,0.893511,75,75,1536,250,265,14.83
dinov2-giant,patch_gem,random,10.0,17,0.894578,75,75,1536,250,265,14.83
dinov2-giant,patch_gem,random,0.01,23,0.9408,75,75,1536,250,265,14.83
dinov2-giant,patch_gem,random,0.1,23,0.9392,75,75,1536,250,265,14.83
dinov2-giant,patch_gem,random,1.0,23,0.936711,75,75,1536,250,265,14.83
dinov2-giant,patch_gem,random,10.0,23,0.929244,75,75,1536,250,265,14.83
dinov2-giant,patch_gem,random,0.01,99,0.923542,76,74,1536,250,265,14.83
dinov2-giant,patch_gem,random,0.1,99,0.921764,76,74,1536,250,265,14.83
dinov2-giant,patch_gem,random,1.0,99,0.921942,76,74,1536,250,265,14.83
dinov2-giant,patch_gem,random,10.0,99,0.91963,76,74,1536,250,265,14.83
dinov2-giant,patch_gem,random,0.01,1234,0.910044,75,75,1536,250,265,14.83
dinov2-giant,patch_gem,random,0.1,1234,0.908267,75,75,1536,250,265,14.83
dinov2-giant,patch_gem,random,1.0,1234,0.905422,75,75,1536,250,265,14.83
dinov2-giant,patch_gem,random,10.0,1234,0.905422,75,75,1536,250,265,14.83
dinov2-giant,cls_patch,clip_matched,0.01,42,0.908267,75,75,3072,250,265,6.16
dinov2-giant,cls_patch,clip_matched,0.1,42,0.906667,75,75,3072,250,265,6.16
dinov2-giant,cls_patch,clip_matched,1.0,42,0.905778,75,75,3072,250,265,6.16
dinov2-giant,cls_patch,clip_matched,10.0,42,0.906489,75,75,3072,250,265,6.16
dinov2-giant,cls_patch,clip_matched,0.01,7,0.936533,75,75,3072,250,265,6.16
dinov2-giant,cls_patch,clip_matched,0.1,7,0.935467,75,75,3072,250,265,6.16
dinov2-giant,cls_patch,clip_matched,1.0,7,0.933333,75,75,3072,250,265,6.16
dinov2-giant,cls_patch,clip_matched,10.0,7,0.929244,75,75,3072,250,265,6.16
dinov2-giant,cls_patch,clip_matched,0.01,17,0.932267,75,75,3072,250,265,6.16
dinov2-giant,cls_patch,clip_matched,0.1,17,0.9328,75,75,3072,250,265,6.16
dinov2-giant,cls_patch,clip_matched,1.0,17,0.932622,75,75,3072,250,265,6.16
dinov2-giant,cls_patch,clip_matched,10.0,17,0.929244,75,75,3072,250,265,6.16
dinov2-giant,cls_patch,clip_matched,0.01,23,0.935467,75,75,3072,250,265,6.16
dinov2-giant,cls_patch,clip_matched,0.1,23,0.935644,75,75,3072,250,265,6.16
dinov2-giant,cls_patch,clip_matched,1.0,23,0.936,75,75,3072,250,265,6.16
dinov2-giant,cls_patch,clip_matched,10.0,23,0.936533,75,75,3072,250,265,6.16
dinov2-giant,cls_patch,clip_matched,0.01,99,0.931911,75,75,3072,250,265,6.16
dinov2-giant,cls_patch,clip_matched,0.1,99,0.931733,75,75,3072,250,265,6.16
dinov2-giant,cls_patch,clip_matched,1.0,99,0.931378,75,75,3072,250,265,6.16
dinov2-giant,cls_patch,clip_matched,10.0,99,0.930489,75,75,3072,250,265,6.16
dinov2-giant,cls_patch,clip_matched,0.01,1234,0.910044,75,75,3072,250,265,6.16
dinov2-giant,cls_patch,clip_matched,0.1,1234,0.911644,75,75,3072,250,265,6.16
dinov2-giant,cls_patch,clip_matched,1.0,1234,0.911289,75,75,3072,250,265,6.16
dinov2-giant,cls_patch,clip_matched,10.0,1234,0.910044,75,75,3072,250,265,6.16
dinov2-giant,cls_patch,aspect_matched,0.01,42,0.920711,75,75,3072,250,265,11.6
dinov2-giant,cls_patch,aspect_matched,0.1,42,0.92,75,75,3072,250,265,11.6
dinov2-giant,cls_patch,aspect_matched,1.0,42,0.920533,75,75,3072,250,265,11.6
dinov2-giant,cls_patch,aspect_matched,10.0,42,0.919111,75,75,3072,250,265,11.6
dinov2-giant,cls_patch,aspect_matched,0.01,7,0.940089,75,75,3072,250,265,11.6
dinov2-giant,cls_patch,aspect_matched,0.1,7,0.940622,75,75,3072,250,265,11.6
dinov2-giant,cls_patch,aspect_matched,1.0,7,0.940622,75,75,3072,250,265,11.6
dinov2-giant,cls_patch,aspect_matched,10.0,7,0.939022,75,75,3072,250,265,11.6
dinov2-giant,cls_patch,aspect_matched,0.01,17,0.945778,75,75,3072,250,265,11.6
dinov2-giant,cls_patch,aspect_matched,0.1,17,0.945422,75,75,3072,250,265,11.6
dinov2-giant,cls_patch,aspect_matched,1.0,17,0.946844,75,75,3072,250,265,11.6
dinov2-giant,cls_patch,aspect_matched,10.0,17,0.945956,75,75,3072,250,265,11.6
dinov2-giant,cls_patch,aspect_matched,0.01,23,0.955556,75,75,3072,250,265,11.6
dinov2-giant,cls_patch,aspect_matched,0.1,23,0.954844,75,75,3072,250,265,11.6
dinov2-giant,cls_patch,aspect_matched,1.0,23,0.951111,75,75,3072,250,265,11.6
dinov2-giant,cls_patch,aspect_matched,10.0,23,0.950578,75,75,3072,250,265,11.6
dinov2-giant,cls_patch,aspect_matched,0.01,99,0.954836,74,76,3072,250,265,11.6
dinov2-giant,cls_patch,aspect_matched,0.1,99,0.954836,74,76,3072,250,265,11.6
dinov2-giant,cls_patch,aspect_matched,1.0,99,0.954836,74,76,3072,250,265,11.6
dinov2-giant,cls_patch,aspect_matched,10.0,99,0.953058,74,76,3072,250,265,11.6
dinov2-giant,cls_patch,aspect_matched,0.01,1234,0.940978,75,75,3072,250,265,11.6
dinov2-giant,cls_patch,aspect_matched,0.1,1234,0.938844,75,75,3072,250,265,11.6
dinov2-giant,cls_patch,aspect_matched,1.0,1234,0.937067,75,75,3072,250,265,11.6
dinov2-giant,cls_patch,aspect_matched,10.0,1234,0.933867,75,75,3072,250,265,11.6
dinov2-giant,cls_patch,random,0.01,42,0.917867,75,75,3072,250,265,16.08
dinov2-giant,cls_patch,random,0.1,42,0.921956,75,75,3072,250,265,16.08
dinov2-giant,cls_patch,random,1.0,42,0.920889,75,75,3072,250,265,16.08
dinov2-giant,cls_patch,random,10.0,42,0.921244,75,75,3072,250,265,16.08
dinov2-giant,cls_patch,random,0.01,7,0.9584,75,75,3072,250,265,16.08
dinov2-giant,cls_patch,random,0.1,7,0.959289,75,75,3072,250,265,16.08
dinov2-giant,cls_patch,random,1.0,7,0.96,75,75,3072,250,265,16.08
dinov2-giant,cls_patch,random,10.0,7,0.954311,75,75,3072,250,265,16.08
dinov2-giant,cls_patch,random,0.01,17,0.924267,75,75,3072,250,265,16.08
dinov2-giant,cls_patch,random,0.1,17,0.926044,75,75,3072,250,265,16.08
dinov2-giant,cls_patch,random,1.0,17,0.925867,75,75,3072,250,265,16.08
dinov2-giant,cls_patch,random,10.0,17,0.928356,75,75,3072,250,265,16.08
dinov2-giant,cls_patch,random,0.01,23,0.948978,75,75,3072,250,265,16.08
dinov2-giant,cls_patch,random,0.1,23,0.950756,75,75,3072,250,265,16.08
dinov2-giant,cls_patch,random,1.0,23,0.948622,75,75,3072,250,265,16.08
dinov2-giant,cls_patch,random,10.0,23,0.949867,75,75,3072,250,265,16.08
dinov2-giant,cls_patch,random,0.01,99,0.929232,76,74,3072,250,265,16.08
dinov2-giant,cls_patch,random,0.1,99,0.928521,76,74,3072,250,265,16.08
dinov2-giant,cls_patch,random,1.0,99,0.927809,76,74,3072,250,265,16.08
dinov2-giant,cls_patch,random,10.0,99,0.927809,76,74,3072,250,265,16.08
dinov2-giant,cls_patch,random,0.01,1234,0.924089,75,75,3072,250,265,16.08
dinov2-giant,cls_patch,random,0.1,1234,0.923733,75,75,3072,250,265,16.08
dinov2-giant,cls_patch,random,1.0,1234,0.924444,75,75,3072,250,265,16.08
dinov2-giant,cls_patch,random,10.0,1234,0.922667,75,75,3072,250,265,16.08
dinov3-vitl16,cls,clip_matched,0.01,42,0.897244,75,75,1024,250,265,0.22
dinov3-vitl16,cls,clip_matched,0.1,42,0.892267,75,75,1024,250,265,0.22
dinov3-vitl16,cls,clip_matched,1.0,42,0.889244,75,75,1024,250,265,0.22
dinov3-vitl16,cls,clip_matched,10.0,42,0.884978,75,75,1024,250,265,0.22
dinov3-vitl16,cls,clip_matched,0.01,7,0.923733,75,75,1024,250,265,0.22
dinov3-vitl16,cls,clip_matched,0.1,7,0.913956,75,75,1024,250,265,0.22
dinov3-vitl16,cls,clip_matched,1.0,7,0.910044,75,75,1024,250,265,0.22
dinov3-vitl16,cls,clip_matched,10.0,7,0.907022,75,75,1024,250,265,0.22
dinov3-vitl16,cls,clip_matched,0.01,17,0.952,75,75,1024,250,265,0.22
dinov3-vitl16,cls,clip_matched,0.1,17,0.953778,75,75,1024,250,265,0.22
dinov3-vitl16,cls,clip_matched,1.0,17,0.955022,75,75,1024,250,265,0.22
dinov3-vitl16,cls,clip_matched,10.0,17,0.952711,75,75,1024,250,265,0.22
dinov3-vitl16,cls,clip_matched,0.01,23,0.9312,75,75,1024,250,265,0.22
dinov3-vitl16,cls,clip_matched,0.1,23,0.925156,75,75,1024,250,265,0.22
dinov3-vitl16,cls,clip_matched,1.0,23,0.923378,75,75,1024,250,265,0.22
dinov3-vitl16,cls,clip_matched,10.0,23,0.920889,75,75,1024,250,265,0.22
dinov3-vitl16,cls,clip_matched,0.01,99,0.932978,75,75,1024,250,265,0.22
dinov3-vitl16,cls,clip_matched,0.1,99,0.928889,75,75,1024,250,265,0.22
dinov3-vitl16,cls,clip_matched,1.0,99,0.926578,75,75,1024,250,265,0.22
dinov3-vitl16,cls,clip_matched,10.0,99,0.924622,75,75,1024,250,265,0.22
dinov3-vitl16,cls,clip_matched,0.01,1234,0.893156,75,75,1024,250,265,0.22
dinov3-vitl16,cls,clip_matched,0.1,1234,0.891911,75,75,1024,250,265,0.22
dinov3-vitl16,cls,clip_matched,1.0,1234,0.887644,75,75,1024,250,265,0.22
dinov3-vitl16,cls,clip_matched,10.0,1234,0.885333,75,75,1024,250,265,0.22
dinov3-vitl16,cls,aspect_matched,0.01,42,0.904533,75,75,1024,250,265,0.37
dinov3-vitl16,cls,aspect_matched,0.1,42,0.901333,75,75,1024,250,265,0.37
dinov3-vitl16,cls,aspect_matched,1.0,42,0.8992,75,75,1024,250,265,0.37
dinov3-vitl16,cls,aspect_matched,10.0,42,0.897244,75,75,1024,250,265,0.37
dinov3-vitl16,cls,aspect_matched,0.01,7,0.939556,75,75,1024,250,265,0.37
dinov3-vitl16,cls,aspect_matched,0.1,7,0.941333,75,75,1024,250,265,0.37
dinov3-vitl16,cls,aspect_matched,1.0,7,0.9408,75,75,1024,250,265,0.37
dinov3-vitl16,cls,aspect_matched,10.0,7,0.939911,75,75,1024,250,265,0.37
dinov3-vitl16,cls,aspect_matched,0.01,17,0.944889,75,75,1024,250,265,0.37
dinov3-vitl16,cls,aspect_matched,0.1,17,0.941689,75,75,1024,250,265,0.37
dinov3-vitl16,cls,aspect_matched,1.0,17,0.9408,75,75,1024,250,265,0.37
dinov3-vitl16,cls,aspect_matched,10.0,17,0.939022,75,75,1024,250,265,0.37
dinov3-vitl16,cls,aspect_matched,0.01,23,0.956444,75,75,1024,250,265,0.37
dinov3-vitl16,cls,aspect_matched,0.1,23,0.957867,75,75,1024,250,265,0.37
dinov3-vitl16,cls,aspect_matched,1.0,23,0.957689,75,75,1024,250,265,0.37
dinov3-vitl16,cls,aspect_matched,10.0,23,0.956622,75,75,1024,250,265,0.37
dinov3-vitl16,cls,aspect_matched,0.01,99,0.938834,74,76,1024,250,265,0.37
dinov3-vitl16,cls,aspect_matched,0.1,99,0.931543,74,76,1024,250,265,0.37
dinov3-vitl16,cls,aspect_matched,1.0,99,0.930121,74,76,1024,250,265,0.37
dinov3-vitl16,cls,aspect_matched,10.0,99,0.927098,74,76,1024,250,265,0.37
dinov3-vitl16,cls,aspect_matched,0.01,1234,0.931022,75,75,1024,250,265,0.37
dinov3-vitl16,cls,aspect_matched,0.1,1234,0.928711,75,75,1024,250,265,0.37
dinov3-vitl16,cls,aspect_matched,1.0,1234,0.926933,75,75,1024,250,265,0.37
dinov3-vitl16,cls,aspect_matched,10.0,1234,0.924089,75,75,1024,250,265,0.37
dinov3-vitl16,cls,random,0.01,42,0.910222,75,75,1024,250,265,0.53
dinov3-vitl16,cls,random,0.1,42,0.907733,75,75,1024,250,265,0.53
dinov3-vitl16,cls,random,1.0,42,0.907733,75,75,1024,250,265,0.53
dinov3-vitl16,cls,random,10.0,42,0.906311,75,75,1024,250,265,0.53
dinov3-vitl16,cls,random,0.01,7,0.942578,75,75,1024,250,265,0.53
dinov3-vitl16,cls,random,0.1,7,0.941156,75,75,1024,250,265,0.53
dinov3-vitl16,cls,random,1.0,7,0.9376,75,75,1024,250,265,0.53
dinov3-vitl16,cls,random,10.0,7,0.937244,75,75,1024,250,265,0.53
dinov3-vitl16,cls,random,0.01,17,0.915556,75,75,1024,250,265,0.53
dinov3-vitl16,cls,random,0.1,17,0.911289,75,75,1024,250,265,0.53
dinov3-vitl16,cls,random,1.0,17,0.911289,75,75,1024,250,265,0.53
dinov3-vitl16,cls,random,10.0,17,0.911111,75,75,1024,250,265,0.53
dinov3-vitl16,cls,random,0.01,23,0.931911,75,75,1024,250,265,0.53
dinov3-vitl16,cls,random,0.1,23,0.931378,75,75,1024,250,265,0.53
dinov3-vitl16,cls,random,1.0,23,0.930311,75,75,1024,250,265,0.53
dinov3-vitl16,cls,random,10.0,23,0.929156,75,75,1024,250,265,0.53
dinov3-vitl16,cls,random,0.01,99,0.939367,76,74,1024,250,265,0.53
dinov3-vitl16,cls,random,0.1,99,0.936166,76,74,1024,250,265,0.53
dinov3-vitl16,cls,random,1.0,99,0.933499,76,74,1024,250,265,0.53
dinov3-vitl16,cls,random,10.0,99,0.928165,76,74,1024,250,265,0.53
dinov3-vitl16,cls,random,0.01,1234,0.902933,75,75,1024,250,265,0.53
dinov3-vitl16,cls,random,0.1,1234,0.898489,75,75,1024,250,265,0.53
dinov3-vitl16,cls,random,1.0,1234,0.896356,75,75,1024,250,265,0.53
dinov3-vitl16,cls,random,10.0,1234,0.891378,75,75,1024,250,265,0.53
dinov3-vitl16,patch_mean,clip_matched,0.01,42,0.905956,75,75,1024,250,265,0.2
dinov3-vitl16,patch_mean,clip_matched,0.1,42,0.908267,75,75,1024,250,265,0.2
dinov3-vitl16,patch_mean,clip_matched,1.0,42,0.905778,75,75,1024,250,265,0.2
dinov3-vitl16,patch_mean,clip_matched,10.0,42,0.905067,75,75,1024,250,265,0.2
dinov3-vitl16,patch_mean,clip_matched,0.01,7,0.945244,75,75,1024,250,265,0.2
dinov3-vitl16,patch_mean,clip_matched,0.1,7,0.940089,75,75,1024,250,265,0.2
dinov3-vitl16,patch_mean,clip_matched,1.0,7,0.936,75,75,1024,250,265,0.2
dinov3-vitl16,patch_mean,clip_matched,10.0,7,0.930133,75,75,1024,250,265,0.2
dinov3-vitl16,patch_mean,clip_matched,0.01,17,0.924622,75,75,1024,250,265,0.2
dinov3-vitl16,patch_mean,clip_matched,0.1,17,0.929778,75,75,1024,250,265,0.2
dinov3-vitl16,patch_mean,clip_matched,1.0,17,0.929956,75,75,1024,250,265,0.2
dinov3-vitl16,patch_mean,clip_matched,10.0,17,0.932444,75,75,1024,250,265,0.2
dinov3-vitl16,patch_mean,clip_matched,0.01,23,0.935822,75,75,1024,250,265,0.2
dinov3-vitl16,patch_mean,clip_matched,0.1,23,0.9328,75,75,1024,250,265,0.2
dinov3-vitl16,patch_mean,clip_matched,1.0,23,0.933156,75,75,1024,250,265,0.2
dinov3-vitl16,patch_mean,clip_matched,10.0,23,0.931289,75,75,1024,250,265,0.2
dinov3-vitl16,patch_mean,clip_matched,0.01,99,0.930133,75,75,1024,250,265,0.2
dinov3-vitl16,patch_mean,clip_matched,0.1,99,0.928178,75,75,1024,250,265,0.2
dinov3-vitl16,patch_mean,clip_matched,1.0,99,0.925511,75,75,1024,250,265,0.2
dinov3-vitl16,patch_mean,clip_matched,10.0,99,0.925333,75,75,1024,250,265,0.2
dinov3-vitl16,patch_mean,clip_matched,0.01,1234,0.925689,75,75,1024,250,265,0.2
dinov3-vitl16,patch_mean,clip_matched,0.1,1234,0.928889,75,75,1024,250,265,0.2
dinov3-vitl16,patch_mean,clip_matched,1.0,1234,0.927822,75,75,1024,250,265,0.2
dinov3-vitl16,patch_mean,clip_matched,10.0,1234,0.927289,75,75,1024,250,265,0.2
dinov3-vitl16,patch_mean,aspect_matched,0.01,42,0.937956,75,75,1024,250,265,0.37
dinov3-vitl16,patch_mean,aspect_matched,0.1,42,0.932978,75,75,1024,250,265,0.37
dinov3-vitl16,patch_mean,aspect_matched,1.0,42,0.9264,75,75,1024,250,265,0.37
dinov3-vitl16,patch_mean,aspect_matched,10.0,42,0.924978,75,75,1024,250,265,0.37
dinov3-vitl16,patch_mean,aspect_matched,0.01,7,0.939022,75,75,1024,250,265,0.37
dinov3-vitl16,patch_mean,aspect_matched,0.1,7,0.933511,75,75,1024,250,265,0.37
dinov3-vitl16,patch_mean,aspect_matched,1.0,7,0.928533,75,75,1024,250,265,0.37
dinov3-vitl16,patch_mean,aspect_matched,10.0,7,0.922311,75,75,1024,250,265,0.37
dinov3-vitl16,patch_mean,aspect_matched,0.01,17,0.931556,75,75,1024,250,265,0.37
dinov3-vitl16,patch_mean,aspect_matched,0.1,17,0.929956,75,75,1024,250,265,0.37
dinov3-vitl16,patch_mean,aspect_matched,1.0,17,0.927822,75,75,1024,250,265,0.37
dinov3-vitl16,patch_mean,aspect_matched,10.0,17,0.924711,75,75,1024,250,265,0.37
dinov3-vitl16,patch_mean,aspect_matched,0.01,23,0.954311,75,75,1024,250,265,0.37
dinov3-vitl16,patch_mean,aspect_matched,0.1,23,0.951467,75,75,1024,250,265,0.37
dinov3-vitl16,patch_mean,aspect_matched,1.0,23,0.947289,75,75,1024,250,265,0.37
dinov3-vitl16,patch_mean,aspect_matched,10.0,23,0.940622,75,75,1024,250,265,0.37
dinov3-vitl16,patch_mean,aspect_matched,0.01,99,0.954659,74,76,1024,250,265,0.37
dinov3-vitl16,patch_mean,aspect_matched,0.1,99,0.947546,74,76,1024,250,265,0.37
dinov3-vitl16,patch_mean,aspect_matched,1.0,99,0.941501,74,76,1024,250,265,0.37
dinov3-vitl16,patch_mean,aspect_matched,10.0,99,0.934744,74,76,1024,250,265,0.37
dinov3-vitl16,patch_mean,aspect_matched,0.01,1234,0.947022,75,75,1024,250,265,0.37
dinov3-vitl16,patch_mean,aspect_matched,0.1,1234,0.944178,75,75,1024,250,265,0.37
dinov3-vitl16,patch_mean,aspect_matched,1.0,1234,0.942044,75,75,1024,250,265,0.37
dinov3-vitl16,patch_mean,aspect_matched,10.0,1234,0.937067,75,75,1024,250,265,0.37
dinov3-vitl16,patch_mean,random,0.01,42,0.9232,75,75,1024,250,265,0.55
dinov3-vitl16,patch_mean,random,0.1,42,0.921422,75,75,1024,250,265,0.55
dinov3-vitl16,patch_mean,random,1.0,42,0.919822,75,75,1024,250,265,0.55
dinov3-vitl16,patch_mean,random,10.0,42,0.92,75,75,1024,250,265,0.55
dinov3-vitl16,patch_mean,random,0.01,7,0.956267,75,75,1024,250,265,0.55
dinov3-vitl16,patch_mean,random,0.1,7,0.953956,75,75,1024,250,265,0.55
dinov3-vitl16,patch_mean,random,1.0,7,0.951289,75,75,1024,250,265,0.55
dinov3-vitl16,patch_mean,random,10.0,7,0.947733,75,75,1024,250,265,0.55
dinov3-vitl16,patch_mean,random,0.01,17,0.925867,75,75,1024,250,265,0.55
dinov3-vitl16,patch_mean,random,0.1,17,0.929422,75,75,1024,250,265,0.55
dinov3-vitl16,patch_mean,random,1.0,17,0.926933,75,75,1024,250,265,0.55
dinov3-vitl16,patch_mean,random,10.0,17,0.925333,75,75,1024,250,265,0.55
dinov3-vitl16,patch_mean,random,0.01,23,0.931556,75,75,1024,250,265,0.55
dinov3-vitl16,patch_mean,random,0.1,23,0.930133,75,75,1024,250,265,0.55
dinov3-vitl16,patch_mean,random,1.0,23,0.929778,75,75,1024,250,265,0.55
dinov3-vitl16,patch_mean,random,10.0,23,0.929067,75,75,1024,250,265,0.55
dinov3-vitl16,patch_mean,random,0.01,99,0.92692,76,74,1024,250,265,0.55
dinov3-vitl16,patch_mean,random,0.1,99,0.92372,76,74,1024,250,265,0.55
dinov3-vitl16,patch_mean,random,1.0,99,0.921942,76,74,1024,250,265,0.55
dinov3-vitl16,patch_mean,random,10.0,99,0.916607,76,74,1024,250,265,0.55
dinov3-vitl16,patch_mean,random,0.01,1234,0.925867,75,75,1024,250,265,0.55
dinov3-vitl16,patch_mean,random,0.1,1234,0.9312,75,75,1024,250,265,0.55
dinov3-vitl16,patch_mean,random,1.0,1234,0.933689,75,75,1024,250,265,0.55
dinov3-vitl16,patch_mean,random,10.0,1234,0.934933,75,75,1024,250,265,0.55
dinov3-vitl16,patch_gem,clip_matched,0.01,42,0.904889,75,75,1024,250,265,0.21
dinov3-vitl16,patch_gem,clip_matched,0.1,42,0.905244,75,75,1024,250,265,0.21
dinov3-vitl16,patch_gem,clip_matched,1.0,42,0.9056,75,75,1024,250,265,0.21
dinov3-vitl16,patch_gem,clip_matched,10.0,42,0.905778,75,75,1024,250,265,0.21
dinov3-vitl16,patch_gem,clip_matched,0.01,7,0.925689,75,75,1024,250,265,0.21
dinov3-vitl16,patch_gem,clip_matched,0.1,7,0.918756,75,75,1024,250,265,0.21
dinov3-vitl16,patch_gem,clip_matched,1.0,7,0.916267,75,75,1024,250,265,0.21
dinov3-vitl16,patch_gem,clip_matched,10.0,7,0.915733,75,75,1024,250,265,0.21
dinov3-vitl16,patch_gem,clip_matched,0.01,17,0.923911,75,75,1024,250,265,0.21
dinov3-vitl16,patch_gem,clip_matched,0.1,17,0.932089,75,75,1024,250,265,0.21
dinov3-vitl16,patch_gem,clip_matched,1.0,17,0.934044,75,75,1024,250,265,0.21
dinov3-vitl16,patch_gem,clip_matched,10.0,17,0.935822,75,75,1024,250,265,0.21
dinov3-vitl16,patch_gem,clip_matched,0.01,23,0.938489,75,75,1024,250,265,0.21
dinov3-vitl16,patch_gem,clip_matched,0.1,23,0.934044,75,75,1024,250,265,0.21
dinov3-vitl16,patch_gem,clip_matched,1.0,23,0.9344,75,75,1024,250,265,0.21
dinov3-vitl16,patch_gem,clip_matched,10.0,23,0.932356,75,75,1024,250,265,0.21
dinov3-vitl16,patch_gem,clip_matched,0.01,99,0.933867,75,75,1024,250,265,0.21
dinov3-vitl16,patch_gem,clip_matched,0.1,99,0.930311,75,75,1024,250,265,0.21
dinov3-vitl16,patch_gem,clip_matched,1.0,99,0.929956,75,75,1024,250,265,0.21
dinov3-vitl16,patch_gem,clip_matched,10.0,99,0.927289,75,75,1024,250,265,0.21
dinov3-vitl16,patch_gem,clip_matched,0.01,1234,0.908089,75,75,1024,250,265,0.21
dinov3-vitl16,patch_gem,clip_matched,0.1,1234,0.911822,75,75,1024,250,265,0.21
dinov3-vitl16,patch_gem,clip_matched,1.0,1234,0.9104,75,75,1024,250,265,0.21
dinov3-vitl16,patch_gem,clip_matched,10.0,1234,0.908444,75,75,1024,250,265,0.21
dinov3-vitl16,patch_gem,aspect_matched,0.01,42,0.930133,75,75,1024,250,265,0.38
dinov3-vitl16,patch_gem,aspect_matched,0.1,42,0.922133,75,75,1024,250,265,0.38
dinov3-vitl16,patch_gem,aspect_matched,1.0,42,0.918222,75,75,1024,250,265,0.38
dinov3-vitl16,patch_gem,aspect_matched,10.0,42,0.913244,75,75,1024,250,265,0.38
dinov3-vitl16,patch_gem,aspect_matched,0.01,7,0.926044,75,75,1024,250,265,0.38
dinov3-vitl16,patch_gem,aspect_matched,0.1,7,0.921956,75,75,1024,250,265,0.38
dinov3-vitl16,patch_gem,aspect_matched,1.0,7,0.917511,75,75,1024,250,265,0.38
dinov3-vitl16,patch_gem,aspect_matched,10.0,7,0.909689,75,75,1024,250,265,0.38
dinov3-vitl16,patch_gem,aspect_matched,0.01,17,0.922667,75,75,1024,250,265,0.38
dinov3-vitl16,patch_gem,aspect_matched,0.1,17,0.920711,75,75,1024,250,265,0.38
dinov3-vitl16,patch_gem,aspect_matched,1.0,17,0.920711,75,75,1024,250,265,0.38
dinov3-vitl16,patch_gem,aspect_matched,10.0,17,0.921867,75,75,1024,250,265,0.38
dinov3-vitl16,patch_gem,aspect_matched,0.01,23,0.946133,75,75,1024,250,265,0.38
dinov3-vitl16,patch_gem,aspect_matched,0.1,23,0.938311,75,75,1024,250,265,0.38
dinov3-vitl16,patch_gem,aspect_matched,1.0,23,0.937778,75,75,1024,250,265,0.38
dinov3-vitl16,patch_gem,aspect_matched,10.0,23,0.930133,75,75,1024,250,265,0.38
dinov3-vitl16,patch_gem,aspect_matched,0.01,99,0.946302,74,76,1024,250,265,0.38
dinov3-vitl16,patch_gem,aspect_matched,0.1,99,0.941145,74,76,1024,250,265,0.38
dinov3-vitl16,patch_gem,aspect_matched,1.0,99,0.937055,74,76,1024,250,265,0.38
dinov3-vitl16,patch_gem,aspect_matched,10.0,99,0.934566,74,76,1024,250,265,0.38
dinov3-vitl16,patch_gem,aspect_matched,0.01,1234,0.9328,75,75,1024,250,265,0.38
dinov3-vitl16,patch_gem,aspect_matched,0.1,1234,0.926578,75,75,1024,250,265,0.38
dinov3-vitl16,patch_gem,aspect_matched,1.0,1234,0.924267,75,75,1024,250,265,0.38
dinov3-vitl16,patch_gem,aspect_matched,10.0,1234,0.920889,75,75,1024,250,265,0.38
dinov3-vitl16,patch_gem,random,0.01,42,0.915556,75,75,1024,250,265,0.55
dinov3-vitl16,patch_gem,random,0.1,42,0.918044,75,75,1024,250,265,0.55
dinov3-vitl16,patch_gem,random,1.0,42,0.919111,75,75,1024,250,265,0.55
dinov3-vitl16,patch_gem,random,10.0,42,0.913244,75,75,1024,250,265,0.55
dinov3-vitl16,patch_gem,random,0.01,7,0.952711,75,75,1024,250,265,0.55
dinov3-vitl16,patch_gem,random,0.1,7,0.953067,75,75,1024,250,265,0.55
dinov3-vitl16,patch_gem,random,1.0,7,0.953422,75,75,1024,250,265,0.55
dinov3-vitl16,patch_gem,random,10.0,7,0.950933,75,75,1024,250,265,0.55
dinov3-vitl16,patch_gem,random,0.01,17,0.916622,75,75,1024,250,265,0.55
dinov3-vitl16,patch_gem,random,0.1,17,0.922133,75,75,1024,250,265,0.55
dinov3-vitl16,patch_gem,random,1.0,17,0.924089,75,75,1024,250,265,0.55
dinov3-vitl16,patch_gem,random,10.0,17,0.923378,75,75,1024,250,265,0.55
dinov3-vitl16,patch_gem,random,0.01,23,0.935467,75,75,1024,250,265,0.55
dinov3-vitl16,patch_gem,random,0.1,23,0.936,75,75,1024,250,265,0.55
dinov3-vitl16,patch_gem,random,1.0,23,0.936,75,75,1024,250,265,0.55
dinov3-vitl16,patch_gem,random,10.0,23,0.936711,75,75,1024,250,265,0.55
dinov3-vitl16,patch_gem,random,0.01,99,0.921764,76,74,1024,250,265,0.55
dinov3-vitl16,patch_gem,random,0.1,99,0.923898,76,74,1024,250,265,0.55
dinov3-vitl16,patch_gem,random,1.0,99,0.922297,76,74,1024,250,265,0.55
dinov3-vitl16,patch_gem,random,10.0,99,0.918208,76,74,1024,250,265,0.55
dinov3-vitl16,patch_gem,random,0.01,1234,0.928889,75,75,1024,250,265,0.55
dinov3-vitl16,patch_gem,random,0.1,1234,0.935111,75,75,1024,250,265,0.55
dinov3-vitl16,patch_gem,random,1.0,1234,0.936356,75,75,1024,250,265,0.55
dinov3-vitl16,patch_gem,random,10.0,1234,0.936356,75,75,1024,250,265,0.55
dinov3-vitl16,cls_patch,clip_matched,0.01,42,0.917867,75,75,2048,250,265,5.8
dinov3-vitl16,cls_patch,clip_matched,0.1,42,0.9136,75,75,2048,250,265,5.8
dinov3-vitl16,cls_patch,clip_matched,1.0,42,0.912889,75,75,2048,250,265,5.8
dinov3-vitl16,cls_patch,clip_matched,10.0,42,0.908089,75,75,2048,250,265,5.8
dinov3-vitl16,cls_patch,clip_matched,0.01,7,0.943467,75,75,2048,250,265,5.8
dinov3-vitl16,cls_patch,clip_matched,0.1,7,0.938489,75,75,2048,250,265,5.8
dinov3-vitl16,cls_patch,clip_matched,1.0,7,0.936,75,75,2048,250,265,5.8
dinov3-vitl16,cls_patch,clip_matched,10.0,7,0.930489,75,75,2048,250,265,5.8
dinov3-vitl16,cls_patch,clip_matched,0.01,17,0.951289,75,75,2048,250,265,5.8
dinov3-vitl16,cls_patch,clip_matched,0.1,17,0.954489,75,75,2048,250,265,5.8
dinov3-vitl16,cls_patch,clip_matched,1.0,17,0.9568,75,75,2048,250,265,5.8
dinov3-vitl16,cls_patch,clip_matched,10.0,17,0.961956,75,75,2048,250,265,5.8
dinov3-vitl16,cls_patch,clip_matched,0.01,23,0.945778,75,75,2048,250,265,5.8
dinov3-vitl16,cls_patch,clip_matched,0.1,23,0.945244,75,75,2048,250,265,5.8
dinov3-vitl16,cls_patch,clip_matched,1.0,23,0.944889,75,75,2048,250,265,5.8
dinov3-vitl16,cls_patch,clip_matched,10.0,23,0.939378,75,75,2048,250,265,5.8
dinov3-vitl16,cls_patch,clip_matched,0.01,99,0.947378,75,75,2048,250,265,5.8
dinov3-vitl16,cls_patch,clip_matched,0.1,99,0.945422,75,75,2048,250,265,5.8
dinov3-vitl16,cls_patch,clip_matched,1.0,99,0.943822,75,75,2048,250,265,5.8
dinov3-vitl16,cls_patch,clip_matched,10.0,99,0.942578,75,75,2048,250,265,5.8
dinov3-vitl16,cls_patch,clip_matched,0.01,1234,0.929956,75,75,2048,250,265,5.8
dinov3-vitl16,cls_patch,clip_matched,0.1,1234,0.932444,75,75,2048,250,265,5.8
dinov3-vitl16,cls_patch,clip_matched,1.0,1234,0.932089,75,75,2048,250,265,5.8
dinov3-vitl16,cls_patch,clip_matched,10.0,1234,0.935289,75,75,2048,250,265,5.8
dinov3-vitl16,cls_patch,aspect_matched,0.01,42,0.941156,75,75,2048,250,265,10.92
dinov3-vitl16,cls_patch,aspect_matched,0.1,42,0.941156,75,75,2048,250,265,10.92
dinov3-vitl16,cls_patch,aspect_matched,1.0,42,0.940444,75,75,2048,250,265,10.92
dinov3-vitl16,cls_patch,aspect_matched,10.0,42,0.937422,75,75,2048,250,265,10.92
dinov3-vitl16,cls_patch,aspect_matched,0.01,7,0.949333,75,75,2048,250,265,10.92
dinov3-vitl16,cls_patch,aspect_matched,0.1,7,0.949333,75,75,2048,250,265,10.92
dinov3-vitl16,cls_patch,aspect_matched,1.0,7,0.946489,75,75,2048,250,265,10.92
dinov3-vitl16,cls_patch,aspect_matched,10.0,7,0.942756,75,75,2048,250,265,10.92
dinov3-vitl16,cls_patch,aspect_matched,0.01,17,0.952178,75,75,2048,250,265,10.92
dinov3-vitl16,cls_patch,aspect_matched,0.1,17,0.9536,75,75,2048,250,265,10.92
dinov3-vitl16,cls_patch,aspect_matched,1.0,17,0.952533,75,75,2048,250,265,10.92
dinov3-vitl16,cls_patch,aspect_matched,10.0,17,0.951111,75,75,2048,250,265,10.92
dinov3-vitl16,cls_patch,aspect_matched,0.01,23,0.968178,75,75,2048,250,265,10.92
dinov3-vitl16,cls_patch,aspect_matched,0.1,23,0.967644,75,75,2048,250,265,10.92
dinov3-vitl16,cls_patch,aspect_matched,1.0,23,0.966222,75,75,2048,250,265,10.92
dinov3-vitl16,cls_patch,aspect_matched,10.0,23,0.963556,75,75,2048,250,265,10.92
dinov3-vitl16,cls_patch,aspect_matched,0.01,99,0.954836,74,76,2048,250,265,10.92
dinov3-vitl16,cls_patch,aspect_matched,0.1,99,0.950391,74,76,2048,250,265,10.92
dinov3-vitl16,cls_patch,aspect_matched,1.0,99,0.947724,74,76,2048,250,265,10.92
dinov3-vitl16,cls_patch,aspect_matched,10.0,99,0.94399,74,76,2048,250,265,10.92
dinov3-vitl16,cls_patch,aspect_matched,0.01,1234,0.949511,75,75,2048,250,265,10.92
dinov3-vitl16,cls_patch,aspect_matched,0.1,1234,0.9472,75,75,2048,250,265,10.92
dinov3-vitl16,cls_patch,aspect_matched,1.0,1234,0.948267,75,75,2048,250,265,10.92
dinov3-vitl16,cls_patch,aspect_matched,10.0,1234,0.9456,75,75,2048,250,265,10.92
dinov3-vitl16,cls_patch,random,0.01,42,0.9312,75,75,2048,250,265,16.0
dinov3-vitl16,cls_patch,random,0.1,42,0.931022,75,75,2048,250,265,16.0
dinov3-vitl16,cls_patch,random,1.0,42,0.928889,75,75,2048,250,265,16.0
dinov3-vitl16,cls_patch,random,10.0,42,0.928,75,75,2048,250,265,16.0
dinov3-vitl16,cls_patch,random,0.01,7,0.961956,75,75,2048,250,265,16.0
dinov3-vitl16,cls_patch,random,0.1,7,0.958756,75,75,2048,250,265,16.0
dinov3-vitl16,cls_patch,random,1.0,7,0.956267,75,75,2048,250,265,16.0
dinov3-vitl16,cls_patch,random,10.0,7,0.951289,75,75,2048,250,265,16.0
dinov3-vitl16,cls_patch,random,0.01,17,0.934933,75,75,2048,250,265,16.0
dinov3-vitl16,cls_patch,random,0.1,17,0.936533,75,75,2048,250,265,16.0
dinov3-vitl16,cls_patch,random,1.0,17,0.936533,75,75,2048,250,265,16.0
dinov3-vitl16,cls_patch,random,10.0,17,0.936711,75,75,2048,250,265,16.0
dinov3-vitl16,cls_patch,random,0.01,23,0.944178,75,75,2048,250,265,16.0
dinov3-vitl16,cls_patch,random,0.1,23,0.945067,75,75,2048,250,265,16.0
dinov3-vitl16,cls_patch,random,1.0,23,0.944178,75,75,2048,250,265,16.0
dinov3-vitl16,cls_patch,random,10.0,23,0.945956,75,75,2048,250,265,16.0
dinov3-vitl16,cls_patch,random,0.01,99,0.940967,76,74,2048,250,265,16.0
dinov3-vitl16,cls_patch,random,0.1,99,0.941323,76,74,2048,250,265,16.0
dinov3-vitl16,cls_patch,random,1.0,99,0.939545,76,74,2048,250,265,16.0
dinov3-vitl16,cls_patch,random,10.0,99,0.937945,76,74,2048,250,265,16.0
dinov3-vitl16,cls_patch,random,0.01,1234,0.930489,75,75,2048,250,265,16.0
dinov3-vitl16,cls_patch,random,0.1,1234,0.933333,75,75,2048,250,265,16.0
dinov3-vitl16,cls_patch,random,1.0,1234,0.934933,75,75,2048,250,265,16.0
dinov3-vitl16,cls_patch,random,10.0,1234,0.935289,75,75,2048,250,265,16.0
siglip-so400m,cls,clip_matched,0.01,42,0.734578,75,75,1152,250,265,0.31
siglip-so400m,cls,clip_matched,0.1,42,0.7312,75,75,1152,250,265,0.31
siglip-so400m,cls,clip_matched,1.0,42,0.728,75,75,1152,250,265,0.31
siglip-so400m,cls,clip_matched,10.0,42,0.7216,75,75,1152,250,265,0.31
siglip-so400m,cls,clip_matched,0.01,7,0.687644,75,75,1152,250,265,0.31
siglip-so400m,cls,clip_matched,0.1,7,0.680711,75,75,1152,250,265,0.31
siglip-so400m,cls,clip_matched,1.0,7,0.680356,75,75,1152,250,265,0.31
siglip-so400m,cls,clip_matched,10.0,7,0.683556,75,75,1152,250,265,0.31
siglip-so400m,cls,clip_matched,0.01,17,0.714311,75,75,1152,250,265,0.31
siglip-so400m,cls,clip_matched,0.1,17,0.717333,75,75,1152,250,265,0.31
siglip-so400m,cls,clip_matched,1.0,17,0.715911,75,75,1152,250,265,0.31
siglip-so400m,cls,clip_matched,10.0,17,0.711289,75,75,1152,250,265,0.31
siglip-so400m,cls,clip_matched,0.01,23,0.683022,75,75,1152,250,265,0.31
siglip-so400m,cls,clip_matched,0.1,23,0.691022,75,75,1152,250,265,0.31
siglip-so400m,cls,clip_matched,1.0,23,0.696889,75,75,1152,250,265,0.31
siglip-so400m,cls,clip_matched,10.0,23,0.693422,75,75,1152,250,265,0.31
siglip-so400m,cls,clip_matched,0.01,99,0.665956,75,75,1152,250,265,0.31
siglip-so400m,cls,clip_matched,0.1,99,0.667556,75,75,1152,250,265,0.31
siglip-so400m,cls,clip_matched,1.0,99,0.668089,75,75,1152,250,265,0.31
siglip-so400m,cls,clip_matched,10.0,99,0.6608,75,75,1152,250,265,0.31
siglip-so400m,cls,clip_matched,0.01,1234,0.664178,75,75,1152,250,265,0.31
siglip-so400m,cls,clip_matched,0.1,1234,0.670933,75,75,1152,250,265,0.31
siglip-so400m,cls,clip_matched,1.0,1234,0.671111,75,75,1152,250,265,0.31
siglip-so400m,cls,clip_matched,10.0,1234,0.680178,75,75,1152,250,265,0.31
siglip-so400m,cls,aspect_matched,0.01,42,0.717867,75,75,1152,250,265,0.57
siglip-so400m,cls,aspect_matched,0.1,42,0.726933,75,75,1152,250,265,0.57
siglip-so400m,cls,aspect_matched,1.0,42,0.726933,75,75,1152,250,265,0.57
siglip-so400m,cls,aspect_matched,10.0,42,0.720178,75,75,1152,250,265,0.57
siglip-so400m,cls,aspect_matched,0.01,7,0.785956,75,75,1152,250,265,0.57
siglip-so400m,cls,aspect_matched,0.1,7,0.787911,75,75,1152,250,265,0.57
siglip-so400m,cls,aspect_matched,1.0,7,0.792178,75,75,1152,250,265,0.57
siglip-so400m,cls,aspect_matched,10.0,7,0.792356,75,75,1152,250,265,0.57
siglip-so400m,cls,aspect_matched,0.01,17,0.693511,75,75,1152,250,265,0.57
siglip-so400m,cls,aspect_matched,0.1,17,0.699022,75,75,1152,250,265,0.57
siglip-so400m,cls,aspect_matched,1.0,17,0.695111,75,75,1152,250,265,0.57
siglip-so400m,cls,aspect_matched,10.0,17,0.6848,75,75,1152,250,265,0.57
siglip-so400m,cls,aspect_matched,0.01,23,0.739733,75,75,1152,250,265,0.57
siglip-so400m,cls,aspect_matched,0.1,23,0.724089,75,75,1152,250,265,0.57
siglip-so400m,cls,aspect_matched,1.0,23,0.709511,75,75,1152,250,265,0.57
siglip-so400m,cls,aspect_matched,10.0,23,0.695556,75,75,1152,250,265,0.57
siglip-so400m,cls,aspect_matched,0.01,99,0.676565,74,76,1152,250,265,0.57
siglip-so400m,cls,aspect_matched,0.1,99,0.680477,74,76,1152,250,265,0.57
siglip-so400m,cls,aspect_matched,1.0,99,0.674253,74,76,1152,250,265,0.57
siglip-so400m,cls,aspect_matched,10.0,99,0.670519,74,76,1152,250,265,0.57
siglip-so400m,cls,aspect_matched,0.01,1234,0.740444,75,75,1152,250,265,0.57
siglip-so400m,cls,aspect_matched,0.1,1234,0.724089,75,75,1152,250,265,0.57
siglip-so400m,cls,aspect_matched,1.0,1234,0.7168,75,75,1152,250,265,0.57
siglip-so400m,cls,aspect_matched,10.0,1234,0.7104,75,75,1152,250,265,0.57
siglip-so400m,cls,random,0.01,42,0.733156,75,75,1152,250,265,0.82
siglip-so400m,cls,random,0.1,42,0.723556,75,75,1152,250,265,0.82
siglip-so400m,cls,random,1.0,42,0.7136,75,75,1152,250,265,0.82
siglip-so400m,cls,random,10.0,42,0.705956,75,75,1152,250,265,0.82
siglip-so400m,cls,random,0.01,7,0.732444,75,75,1152,250,265,0.82
siglip-so400m,cls,random,0.1,7,0.732267,75,75,1152,250,265,0.82
siglip-so400m,cls,random,1.0,7,0.736356,75,75,1152,250,265,0.82
siglip-so400m,cls,random,10.0,7,0.7344,75,75,1152,250,265,0.82
siglip-so400m,cls,random,0.01,17,0.697422,75,75,1152,250,265,0.82
siglip-so400m,cls,random,0.1,17,0.702756,75,75,1152,250,265,0.82
siglip-so400m,cls,random,1.0,17,0.702933,75,75,1152,250,265,0.82
siglip-so400m,cls,random,10.0,17,0.700622,75,75,1152,250,265,0.82
siglip-so400m,cls,random,0.01,23,0.737067,75,75,1152,250,265,0.82
siglip-so400m,cls,random,0.1,23,0.734756,75,75,1152,250,265,0.82
siglip-so400m,cls,random,1.0,23,0.728889,75,75,1152,250,265,0.82
siglip-so400m,cls,random,10.0,23,0.730844,75,75,1152,250,265,0.82
siglip-so400m,cls,random,0.01,99,0.675853,76,74,1152,250,265,0.82
siglip-so400m,cls,random,0.1,99,0.660917,76,74,1152,250,265,0.82
siglip-so400m,cls,random,1.0,99,0.655939,76,74,1152,250,265,0.82
siglip-so400m,cls,random,10.0,99,0.661451,76,74,1152,250,265,0.82
siglip-so400m,cls,random,0.01,1234,0.733333,75,75,1152,250,265,0.82
siglip-so400m,cls,random,0.1,1234,0.738844,75,75,1152,250,265,0.82
siglip-so400m,cls,random,1.0,1234,0.738667,75,75,1152,250,265,0.82
siglip-so400m,cls,random,10.0,1234,0.735111,75,75,1152,250,265,0.82
siglip-so400m,patch_mean,clip_matched,0.01,42,0.891378,75,75,1152,250,265,0.33
siglip-so400m,patch_mean,clip_matched,0.1,42,0.885511,75,75,1152,250,265,0.33
siglip-so400m,patch_mean,clip_matched,1.0,42,0.879111,75,75,1152,250,265,0.33
siglip-so400m,patch_mean,clip_matched,10.0,42,0.884622,75,75,1152,250,265,0.33
siglip-so400m,patch_mean,clip_matched,0.01,7,0.869689,75,75,1152,250,265,0.33
siglip-so400m,patch_mean,clip_matched,0.1,7,0.875556,75,75,1152,250,265,0.33
siglip-so400m,patch_mean,clip_matched,1.0,7,0.873244,75,75,1152,250,265,0.33
siglip-so400m,patch_mean,clip_matched,10.0,7,0.872178,75,75,1152,250,265,0.33
siglip-so400m,patch_mean,clip_matched,0.01,17,0.871644,75,75,1152,250,265,0.33
siglip-so400m,patch_mean,clip_matched,0.1,17,0.860978,75,75,1152,250,265,0.33
siglip-so400m,patch_mean,clip_matched,1.0,17,0.853511,75,75,1152,250,265,0.33
siglip-so400m,patch_mean,clip_matched,10.0,17,0.850667,75,75,1152,250,265,0.33
siglip-so400m,patch_mean,clip_matched,0.01,23,0.907022,75,75,1152,250,265,0.33
siglip-so400m,patch_mean,clip_matched,0.1,23,0.894044,75,75,1152,250,265,0.33
siglip-so400m,patch_mean,clip_matched,1.0,23,0.883911,75,75,1152,250,265,0.33
siglip-so400m,patch_mean,clip_matched,10.0,23,0.881422,75,75,1152,250,265,0.33
siglip-so400m,patch_mean,clip_matched,0.01,99,0.885867,75,75,1152,250,265,0.33
siglip-so400m,patch_mean,clip_matched,0.1,99,0.892089,75,75,1152,250,265,0.33
siglip-so400m,patch_mean,clip_matched,1.0,99,0.891556,75,75,1152,250,265,0.33
siglip-so400m,patch_mean,clip_matched,10.0,99,0.895467,75,75,1152,250,265,0.33
siglip-so400m,patch_mean,clip_matched,0.01,1234,0.8864,75,75,1152,250,265,0.33
siglip-so400m,patch_mean,clip_matched,0.1,1234,0.883733,75,75,1152,250,265,0.33
siglip-so400m,patch_mean,clip_matched,1.0,1234,0.881067,75,75,1152,250,265,0.33
siglip-so400m,patch_mean,clip_matched,10.0,1234,0.883733,75,75,1152,250,265,0.33
siglip-so400m,patch_mean,aspect_matched,0.01,42,0.9168,75,75,1152,250,265,0.61
siglip-so400m,patch_mean,aspect_matched,0.1,42,0.912356,75,75,1152,250,265,0.61
siglip-so400m,patch_mean,aspect_matched,1.0,42,0.906311,75,75,1152,250,265,0.61
siglip-so400m,patch_mean,aspect_matched,10.0,42,0.906311,75,75,1152,250,265,0.61
siglip-so400m,patch_mean,aspect_matched,0.01,7,0.869156,75,75,1152,250,265,0.61
siglip-so400m,patch_mean,aspect_matched,0.1,7,0.866667,75,75,1152,250,265,0.61
siglip-so400m,patch_mean,aspect_matched,1.0,7,0.858311,75,75,1152,250,265,0.61
siglip-so400m,patch_mean,aspect_matched,10.0,7,0.859556,75,75,1152,250,265,0.61
siglip-so400m,patch_mean,aspect_matched,0.01,17,0.878756,75,75,1152,250,265,0.61
siglip-so400m,patch_mean,aspect_matched,0.1,17,0.868978,75,75,1152,250,265,0.61
siglip-so400m,patch_mean,aspect_matched,1.0,17,0.863644,75,75,1152,250,265,0.61
siglip-so400m,patch_mean,aspect_matched,10.0,17,0.867733,75,75,1152,250,265,0.61
siglip-so400m,patch_mean,aspect_matched,0.01,23,0.906133,75,75,1152,250,265,0.61
siglip-so400m,patch_mean,aspect_matched,0.1,23,0.889422,75,75,1152,250,265,0.61
siglip-so400m,patch_mean,aspect_matched,1.0,23,0.879111,75,75,1152,250,265,0.61
siglip-so400m,patch_mean,aspect_matched,10.0,23,0.8816,75,75,1152,250,265,0.61
siglip-so400m,patch_mean,aspect_matched,0.01,99,0.881223,74,76,1152,250,265,0.61
siglip-so400m,patch_mean,aspect_matched,0.1,99,0.88069,74,76,1152,250,265,0.61
siglip-so400m,patch_mean,aspect_matched,1.0,99,0.875178,74,76,1152,250,265,0.61
siglip-so400m,patch_mean,aspect_matched,10.0,99,0.876422,74,76,1152,250,265,0.61
siglip-so400m,patch_mean,aspect_matched,0.01,1234,0.922844,75,75,1152,250,265,0.61
siglip-so400m,patch_mean,aspect_matched,0.1,1234,0.902933,75,75,1152,250,265,0.61
siglip-so400m,patch_mean,aspect_matched,1.0,1234,0.892089,75,75,1152,250,265,0.61
siglip-so400m,patch_mean,aspect_matched,10.0,1234,0.8944,75,75,1152,250,265,0.61
siglip-so400m,patch_mean,random,0.01,42,0.9104,75,75,1152,250,265,0.89
siglip-so400m,patch_mean,random,0.1,42,0.909689,75,75,1152,250,265,0.89
siglip-so400m,patch_mean,random,1.0,42,0.907733,75,75,1152,250,265,0.89
siglip-so400m,patch_mean,random,10.0,42,0.910933,75,75,1152,250,265,0.89
siglip-so400m,patch_mean,random,0.01,7,0.891022,75,75,1152,250,265,0.89
siglip-so400m,patch_mean,random,0.1,7,0.891022,75,75,1152,250,265,0.89
siglip-so400m,patch_mean,random,1.0,7,0.886933,75,75,1152,250,265,0.89
siglip-so400m,patch_mean,random,10.0,7,0.886578,75,75,1152,250,265,0.89
siglip-so400m,patch_mean,random,0.01,17,0.864178,75,75,1152,250,265,0.89
siglip-so400m,patch_mean,random,0.1,17,0.873422,75,75,1152,250,265,0.89
siglip-so400m,patch_mean,random,1.0,17,0.8704,75,75,1152,250,265,0.89
siglip-so400m,patch_mean,random,10.0,17,0.878222,75,75,1152,250,265,0.89
siglip-so400m,patch_mean,random,0.01,23,0.907378,75,75,1152,250,265,0.89
siglip-so400m,patch_mean,random,0.1,23,0.8944,75,75,1152,250,265,0.89
siglip-so400m,patch_mean,random,1.0,23,0.8864,75,75,1152,250,265,0.89
siglip-so400m,patch_mean,random,10.0,23,0.881156,75,75,1152,250,265,0.89
siglip-so400m,patch_mean,random,0.01,99,0.895804,76,74,1152,250,265,0.89
siglip-so400m,patch_mean,random,0.1,99,0.900071,76,74,1152,250,265,0.89
siglip-so400m,patch_mean,random,1.0,99,0.897048,76,74,1152,250,265,0.89
siglip-so400m,patch_mean,random,10.0,99,0.89936,76,74,1152,250,265,0.89
siglip-so400m,patch_mean,random,0.01,1234,0.886222,75,75,1152,250,265,0.89
siglip-so400m,patch_mean,random,0.1,1234,0.885156,75,75,1152,250,265,0.89
siglip-so400m,patch_mean,random,1.0,1234,0.878756,75,75,1152,250,265,0.89
siglip-so400m,patch_mean,random,10.0,1234,0.879822,75,75,1152,250,265,0.89
siglip-so400m,patch_gem,clip_matched,0.01,42,0.8928,75,75,1152,250,265,0.29
siglip-so400m,patch_gem,clip_matched,0.1,42,0.881422,75,75,1152,250,265,0.29
siglip-so400m,patch_gem,clip_matched,1.0,42,0.874489,75,75,1152,250,265,0.29
siglip-so400m,patch_gem,clip_matched,10.0,42,0.878756,75,75,1152,250,265,0.29
siglip-so400m,patch_gem,clip_matched,0.01,7,0.864533,75,75,1152,250,265,0.29
siglip-so400m,patch_gem,clip_matched,0.1,7,0.861867,75,75,1152,250,265,0.29
siglip-so400m,patch_gem,clip_matched,1.0,7,0.855644,75,75,1152,250,265,0.29
siglip-so400m,patch_gem,clip_matched,10.0,7,0.855644,75,75,1152,250,265,0.29
siglip-so400m,patch_gem,clip_matched,0.01,17,0.875378,75,75,1152,250,265,0.29
siglip-so400m,patch_gem,clip_matched,0.1,17,0.867022,75,75,1152,250,265,0.29
siglip-so400m,patch_gem,clip_matched,1.0,17,0.858133,75,75,1152,250,265,0.29
siglip-so400m,patch_gem,clip_matched,10.0,17,0.858133,75,75,1152,250,265,0.29
siglip-so400m,patch_gem,clip_matched,0.01,23,0.912,75,75,1152,250,265,0.29
siglip-so400m,patch_gem,clip_matched,0.1,23,0.904533,75,75,1152,250,265,0.29
siglip-so400m,patch_gem,clip_matched,1.0,23,0.894044,75,75,1152,250,265,0.29
siglip-so400m,patch_gem,clip_matched,10.0,23,0.900978,75,75,1152,250,265,0.29
siglip-so400m,patch_gem,clip_matched,0.01,99,0.888889,75,75,1152,250,265,0.29
siglip-so400m,patch_gem,clip_matched,0.1,99,0.894933,75,75,1152,250,265,0.29
siglip-so400m,patch_gem,clip_matched,1.0,99,0.8928,75,75,1152,250,265,0.29
siglip-so400m,patch_gem,clip_matched,10.0,99,0.896,75,75,1152,250,265,0.29
siglip-so400m,patch_gem,clip_matched,0.01,1234,0.875911,75,75,1152,250,265,0.29
siglip-so400m,patch_gem,clip_matched,0.1,1234,0.874667,75,75,1152,250,265,0.29
siglip-so400m,patch_gem,clip_matched,1.0,1234,0.873244,75,75,1152,250,265,0.29
siglip-so400m,patch_gem,clip_matched,10.0,1234,0.879467,75,75,1152,250,265,0.29
siglip-so400m,patch_gem,aspect_matched,0.01,42,0.916267,75,75,1152,250,265,0.54
siglip-so400m,patch_gem,aspect_matched,0.1,42,0.913778,75,75,1152,250,265,0.54
siglip-so400m,patch_gem,aspect_matched,1.0,42,0.908978,75,75,1152,250,265,0.54
siglip-so400m,patch_gem,aspect_matched,10.0,42,0.909156,75,75,1152,250,265,0.54
siglip-so400m,patch_gem,aspect_matched,0.01,7,0.872533,75,75,1152,250,265,0.54
siglip-so400m,patch_gem,aspect_matched,0.1,7,0.861333,75,75,1152,250,265,0.54
siglip-so400m,patch_gem,aspect_matched,1.0,7,0.8576,75,75,1152,250,265,0.54
siglip-so400m,patch_gem,aspect_matched,10.0,7,0.852978,75,75,1152,250,265,0.54
siglip-so400m,patch_gem,aspect_matched,0.01,17,0.871822,75,75,1152,250,265,0.54
siglip-so400m,patch_gem,aspect_matched,0.1,17,0.864356,75,75,1152,250,265,0.54
siglip-so400m,patch_gem,aspect_matched,1.0,17,0.860978,75,75,1152,250,265,0.54
siglip-so400m,patch_gem,aspect_matched,10.0,17,0.863911,75,75,1152,250,265,0.54
siglip-so400m,patch_gem,aspect_matched,0.01,23,0.906489,75,75,1152,250,265,0.54
siglip-so400m,patch_gem,aspect_matched,0.1,23,0.900267,75,75,1152,250,265,0.54
siglip-so400m,patch_gem,aspect_matched,1.0,23,0.896533,75,75,1152,250,265,0.54
siglip-so400m,patch_gem,aspect_matched,10.0,23,0.899378,75,75,1152,250,265,0.54
siglip-so400m,patch_gem,aspect_matched,0.01,99,0.875356,74,76,1152,250,265,0.54
siglip-so400m,patch_gem,aspect_matched,0.1,99,0.877489,74,76,1152,250,265,0.54
siglip-so400m,patch_gem,aspect_matched,1.0,99,0.873578,74,76,1152,250,265,0.54
siglip-so400m,patch_gem,aspect_matched,10.0,99,0.878112,74,76,1152,250,265,0.54
siglip-so400m,patch_gem,aspect_matched,0.01,1234,0.929244,75,75,1152,250,265,0.54
siglip-so400m,patch_gem,aspect_matched,0.1,1234,0.917156,75,75,1152,250,265,0.54
siglip-so400m,patch_gem,aspect_matched,1.0,1234,0.910044,75,75,1152,250,265,0.54
siglip-so400m,patch_gem,aspect_matched,10.0,1234,0.911467,75,75,1152,250,265,0.54
siglip-so400m,patch_gem,random,0.01,42,0.912889,75,75,1152,250,265,0.81
siglip-so400m,patch_gem,random,0.1,42,0.909689,75,75,1152,250,265,0.81
siglip-so400m,patch_gem,random,1.0,42,0.906489,75,75,1152,250,265,0.81
siglip-so400m,patch_gem,random,10.0,42,0.9056,75,75,1152,250,265,0.81
siglip-so400m,patch_gem,random,0.01,7,0.884622,75,75,1152,250,265,0.81
siglip-so400m,patch_gem,random,0.1,7,0.879822,75,75,1152,250,265,0.81
siglip-so400m,patch_gem,random,1.0,7,0.873778,75,75,1152,250,265,0.81
siglip-so400m,patch_gem,random,10.0,7,0.881067,75,75,1152,250,265,0.81
siglip-so400m,patch_gem,random,0.01,17,0.862756,75,75,1152,250,265,0.81
siglip-so400m,patch_gem,random,0.1,17,0.8656,75,75,1152,250,265,0.81
siglip-so400m,patch_gem,random,1.0,17,0.862222,75,75,1152,250,265,0.81
siglip-so400m,patch_gem,random,10.0,17,0.869511,75,75,1152,250,265,0.81
siglip-so400m,patch_gem,random,0.01,23,0.907733,75,75,1152,250,265,0.81
siglip-so400m,patch_gem,random,0.1,23,0.900267,75,75,1152,250,265,0.81
siglip-so400m,patch_gem,random,1.0,23,0.897244,75,75,1152,250,265,0.81
siglip-so400m,patch_gem,random,10.0,23,0.895822,75,75,1152,250,265,0.81
siglip-so400m,patch_gem,random,0.01,99,0.891892,76,74,1152,250,265,0.81
siglip-so400m,patch_gem,random,0.1,99,0.904694,76,74,1152,250,265,0.81
siglip-so400m,patch_gem,random,1.0,99,0.904516,76,74,1152,250,265,0.81
siglip-so400m,patch_gem,random,10.0,99,0.903272,76,74,1152,250,265,0.81
siglip-so400m,patch_gem,random,0.01,1234,0.8848,75,75,1152,250,265,0.81
siglip-so400m,patch_gem,random,0.1,1234,0.881244,75,75,1152,250,265,0.81
siglip-so400m,patch_gem,random,1.0,1234,0.876622,75,75,1152,250,265,0.81
siglip-so400m,patch_gem,random,10.0,1234,0.877867,75,75,1152,250,265,0.81
siglip-so400m,cls_patch,clip_matched,0.01,42,0.901156,75,75,2304,250,265,8.68
siglip-so400m,cls_patch,clip_matched,0.1,42,0.899378,75,75,2304,250,265,8.68
siglip-so400m,cls_patch,clip_matched,1.0,42,0.897778,75,75,2304,250,265,8.68
siglip-so400m,cls_patch,clip_matched,10.0,42,0.906489,75,75,2304,250,265,8.68
siglip-so400m,cls_patch,clip_matched,0.01,7,0.849422,75,75,2304,250,265,8.68
siglip-so400m,cls_patch,clip_matched,0.1,7,0.843911,75,75,2304,250,265,8.68
siglip-so400m,cls_patch,clip_matched,1.0,7,0.845511,75,75,2304,250,265,8.68
siglip-so400m,cls_patch,clip_matched,10.0,7,0.847644,75,75,2304,250,265,8.68
siglip-so400m,cls_patch,clip_matched,0.01,17,0.864533,75,75,2304,250,265,8.68
siglip-so400m,cls_patch,clip_matched,0.1,17,0.863644,75,75,2304,250,265,8.68
siglip-so400m,cls_patch,clip_matched,1.0,17,0.8608,75,75,2304,250,265,8.68
siglip-so400m,cls_patch,clip_matched,10.0,17,0.857956,75,75,2304,250,265,8.68
siglip-so400m,cls_patch,clip_matched,0.01,23,0.890667,75,75,2304,250,265,8.68
siglip-so400m,cls_patch,clip_matched,0.1,23,0.885333,75,75,2304,250,265,8.68
siglip-so400m,cls_patch,clip_matched,1.0,23,0.881956,75,75,2304,250,265,8.68
siglip-so400m,cls_patch,clip_matched,10.0,23,0.885156,75,75,2304,250,265,8.68
siglip-so400m,cls_patch,clip_matched,0.01,99,0.870044,75,75,2304,250,265,8.68
siglip-so400m,cls_patch,clip_matched,0.1,99,0.8704,75,75,2304,250,265,8.68
siglip-so400m,cls_patch,clip_matched,1.0,99,0.868089,75,75,2304,250,265,8.68
siglip-so400m,cls_patch,clip_matched,10.0,99,0.877689,75,75,2304,250,265,8.68
siglip-so400m,cls_patch,clip_matched,0.01,1234,0.851022,75,75,2304,250,265,8.68
siglip-so400m,cls_patch,clip_matched,0.1,1234,0.848,75,75,2304,250,265,8.68
siglip-so400m,cls_patch,clip_matched,1.0,1234,0.846222,75,75,2304,250,265,8.68
siglip-so400m,cls_patch,clip_matched,10.0,1234,0.841956,75,75,2304,250,265,8.68
siglip-so400m,cls_patch,aspect_matched,0.01,42,0.905244,75,75,2304,250,265,17.96
siglip-so400m,cls_patch,aspect_matched,0.1,42,0.912711,75,75,2304,250,265,17.96
siglip-so400m,cls_patch,aspect_matched,1.0,42,0.914489,75,75,2304,250,265,17.96
siglip-so400m,cls_patch,aspect_matched,10.0,42,0.909867,75,75,2304,250,265,17.96
siglip-so400m,cls_patch,aspect_matched,0.01,7,0.869156,75,75,2304,250,265,17.96
siglip-so400m,cls_patch,aspect_matched,0.1,7,0.870756,75,75,2304,250,265,17.96
siglip-so400m,cls_patch,aspect_matched,1.0,7,0.8688,75,75,2304,250,265,17.96
siglip-so400m,cls_patch,aspect_matched,10.0,7,0.865244,75,75,2304,250,265,17.96
siglip-so400m,cls_patch,aspect_matched,0.01,17,0.858844,75,75,2304,250,265,17.96
siglip-so400m,cls_patch,aspect_matched,0.1,17,0.856889,75,75,2304,250,265,17.96
siglip-so400m,cls_patch,aspect_matched,1.0,17,0.854578,75,75,2304,250,265,17.96
siglip-so400m,cls_patch,aspect_matched,10.0,17,0.859911,75,75,2304,250,265,17.96
siglip-so400m,cls_patch,aspect_matched,0.01,23,0.886222,75,75,2304,250,265,17.96
siglip-so400m,cls_patch,aspect_matched,0.1,23,0.882844,75,75,2304,250,265,17.96
siglip-so400m,cls_patch,aspect_matched,1.0,23,0.877511,75,75,2304,250,265,17.96
siglip-so400m,cls_patch,aspect_matched,10.0,23,0.884978,75,75,2304,250,265,17.96
siglip-so400m,cls_patch,aspect_matched,0.01,99,0.86362,74,76,2304,250,265,17.96
siglip-so400m,cls_patch,aspect_matched,0.1,99,0.860242,74,76,2304,250,265,17.96
siglip-so400m,cls_patch,aspect_matched,1.0,99,0.858286,74,76,2304,250,265,17.96
siglip-so400m,cls_patch,aspect_matched,10.0,99,0.855797,74,76,2304,250,265,17.96
siglip-so400m,cls_patch,aspect_matched,0.01,1234,0.914489,75,75,2304,250,265,17.96
siglip-so400m,cls_patch,aspect_matched,0.1,1234,0.9088,75,75,2304,250,265,17.96
siglip-so400m,cls_patch,aspect_matched,1.0,1234,0.903644,75,75,2304,250,265,17.96
siglip-so400m,cls_patch,aspect_matched,10.0,1234,0.903289,75,75,2304,250,265,17.96
siglip-so400m,cls_patch,random,0.01,42,0.8928,75,75,2304,250,265,28.08
siglip-so400m,cls_patch,random,0.1,42,0.897244,75,75,2304,250,265,28.08
siglip-so400m,cls_patch,random,1.0,42,0.894756,75,75,2304,250,265,28.08
siglip-so400m,cls_patch,random,10.0,42,0.891378,75,75,2304,250,265,28.08
siglip-so400m,cls_patch,random,0.01,7,0.886933,75,75,2304,250,265,28.08
siglip-so400m,cls_patch,random,0.1,7,0.890133,75,75,2304,250,265,28.08
siglip-so400m,cls_patch,random,1.0,7,0.890133,75,75,2304,250,265,28.08
siglip-so400m,cls_patch,random,10.0,7,0.896711,75,75,2304,250,265,28.08
siglip-so400m,cls_patch,random,0.01,17,0.854578,75,75,2304,250,265,28.08
siglip-so400m,cls_patch,random,0.1,17,0.860089,75,75,2304,250,265,28.08
siglip-so400m,cls_patch,random,1.0,17,0.860622,75,75,2304,250,265,28.08
siglip-so400m,cls_patch,random,10.0,17,0.851022,75,75,2304,250,265,28.08
siglip-so400m,cls_patch,random,0.01,23,0.900978,75,75,2304,250,265,28.08
siglip-so400m,cls_patch,random,0.1,23,0.8928,75,75,2304,250,265,28.08
siglip-so400m,cls_patch,random,1.0,23,0.8912,75,75,2304,250,265,28.08
siglip-so400m,cls_patch,random,10.0,23,0.895111,75,75,2304,250,265,28.08
siglip-so400m,cls_patch,random,0.01,99,0.878912,76,74,2304,250,265,28.08
siglip-so400m,cls_patch,random,0.1,99,0.881935,76,74,2304,250,265,28.08
siglip-so400m,cls_patch,random,1.0,99,0.878201,76,74,2304,250,265,28.08
siglip-so400m,cls_patch,random,10.0,99,0.88389,76,74,2304,250,265,28.08
siglip-so400m,cls_patch,random,0.01,1234,0.859556,75,75,2304,250,265,28.08
siglip-so400m,cls_patch,random,0.1,1234,0.857422,75,75,2304,250,265,28.08
siglip-so400m,cls_patch,random,1.0,1234,0.855289,75,75,2304,250,265,28.08
siglip-so400m,cls_patch,random,10.0,1234,0.854222,75,75,2304,250,265,28.08
clip-vitl14,cls,clip_matched,0.01,42,0.946133,75,75,1024,250,265,0.24
clip-vitl14,cls,clip_matched,0.1,42,0.950756,75,75,1024,250,265,0.24
clip-vitl14,cls,clip_matched,1.0,42,0.952178,75,75,1024,250,265,0.24
clip-vitl14,cls,clip_matched,10.0,42,0.948622,75,75,1024,250,265,0.24
clip-vitl14,cls,clip_matched,0.01,7,0.964622,75,75,1024,250,265,0.24
clip-vitl14,cls,clip_matched,0.1,7,0.963556,75,75,1024,250,265,0.24
clip-vitl14,cls,clip_matched,1.0,7,0.962844,75,75,1024,250,265,0.24
clip-vitl14,cls,clip_matched,10.0,7,0.961778,75,75,1024,250,265,0.24
clip-vitl14,cls,clip_matched,0.01,17,0.960178,75,75,1024,250,265,0.24
clip-vitl14,cls,clip_matched,0.1,17,0.959822,75,75,1024,250,265,0.24
clip-vitl14,cls,clip_matched,1.0,17,0.958933,75,75,1024,250,265,0.24
clip-vitl14,cls,clip_matched,10.0,17,0.957511,75,75,1024,250,265,0.24
clip-vitl14,cls,clip_matched,0.01,23,0.957511,75,75,1024,250,265,0.24
clip-vitl14,cls,clip_matched,0.1,23,0.957689,75,75,1024,250,265,0.24
clip-vitl14,cls,clip_matched,1.0,23,0.958222,75,75,1024,250,265,0.24
clip-vitl14,cls,clip_matched,10.0,23,0.958756,75,75,1024,250,265,0.24
clip-vitl14,cls,clip_matched,0.01,99,0.938489,75,75,1024,250,265,0.24
clip-vitl14,cls,clip_matched,0.1,99,0.942044,75,75,1024,250,265,0.24
clip-vitl14,cls,clip_matched,1.0,99,0.942222,75,75,1024,250,265,0.24
clip-vitl14,cls,clip_matched,10.0,99,0.939378,75,75,1024,250,265,0.24
clip-vitl14,cls,clip_matched,0.01,1234,0.932622,75,75,1024,250,265,0.24
clip-vitl14,cls,clip_matched,0.1,1234,0.938489,75,75,1024,250,265,0.24
clip-vitl14,cls,clip_matched,1.0,1234,0.940978,75,75,1024,250,265,0.24
clip-vitl14,cls,clip_matched,10.0,1234,0.942222,75,75,1024,250,265,0.24
clip-vitl14,cls,aspect_matched,0.01,42,0.947733,75,75,1024,250,265,0.44
clip-vitl14,cls,aspect_matched,0.1,42,0.948089,75,75,1024,250,265,0.44
clip-vitl14,cls,aspect_matched,1.0,42,0.948444,75,75,1024,250,265,0.44
clip-vitl14,cls,aspect_matched,10.0,42,0.9504,75,75,1024,250,265,0.44
clip-vitl14,cls,aspect_matched,0.01,7,0.966044,75,75,1024,250,265,0.44
clip-vitl14,cls,aspect_matched,0.1,7,0.963733,75,75,1024,250,265,0.44
clip-vitl14,cls,aspect_matched,1.0,7,0.961778,75,75,1024,250,265,0.44
clip-vitl14,cls,aspect_matched,10.0,7,0.959289,75,75,1024,250,265,0.44
clip-vitl14,cls,aspect_matched,0.01,17,0.961067,75,75,1024,250,265,0.44
clip-vitl14,cls,aspect_matched,0.1,17,0.963022,75,75,1024,250,265,0.44
clip-vitl14,cls,aspect_matched,1.0,17,0.964089,75,75,1024,250,265,0.44
clip-vitl14,cls,aspect_matched,10.0,17,0.962133,75,75,1024,250,265,0.44
clip-vitl14,cls,aspect_matched,0.01,23,0.961956,75,75,1024,250,265,0.44
clip-vitl14,cls,aspect_matched,0.1,23,0.964978,75,75,1024,250,265,0.44
clip-vitl14,cls,aspect_matched,1.0,23,0.964444,75,75,1024,250,265,0.44
clip-vitl14,cls,aspect_matched,10.0,23,0.963022,75,75,1024,250,265,0.44
clip-vitl14,cls,aspect_matched,0.01,99,0.963905,74,76,1024,250,265,0.44
clip-vitl14,cls,aspect_matched,0.1,99,0.963193,74,76,1024,250,265,0.44
clip-vitl14,cls,aspect_matched,1.0,99,0.961771,74,76,1024,250,265,0.44
clip-vitl14,cls,aspect_matched,10.0,99,0.958926,74,76,1024,250,265,0.44
clip-vitl14,cls,aspect_matched,0.01,1234,0.953956,75,75,1024,250,265,0.44
clip-vitl14,cls,aspect_matched,0.1,1234,0.955378,75,75,1024,250,265,0.44
clip-vitl14,cls,aspect_matched,1.0,1234,0.9568,75,75,1024,250,265,0.44
clip-vitl14,cls,aspect_matched,10.0,1234,0.957333,75,75,1024,250,265,0.44
clip-vitl14,cls,random,0.01,42,0.949333,75,75,1024,250,265,0.61
clip-vitl14,cls,random,0.1,42,0.950222,75,75,1024,250,265,0.61
clip-vitl14,cls,random,1.0,42,0.950578,75,75,1024,250,265,0.61
clip-vitl14,cls,random,10.0,42,0.946844,75,75,1024,250,265,0.61
clip-vitl14,cls,random,0.01,7,0.971022,75,75,1024,250,265,0.61
clip-vitl14,cls,random,0.1,7,0.9776,75,75,1024,250,265,0.61
clip-vitl14,cls,random,1.0,7,0.978311,75,75,1024,250,265,0.61
clip-vitl14,cls,random,10.0,7,0.977956,75,75,1024,250,265,0.61
clip-vitl14,cls,random,0.01,17,0.955911,75,75,1024,250,265,0.61
clip-vitl14,cls,random,0.1,17,0.958756,75,75,1024,250,265,0.61
clip-vitl14,cls,random,1.0,17,0.958756,75,75,1024,250,265,0.61
clip-vitl14,cls,random,10.0,17,0.959289,75,75,1024,250,265,0.61
clip-vitl14,cls,random,0.01,23,0.9584,75,75,1024,250,265,0.61
clip-vitl14,cls,random,0.1,23,0.956622,75,75,1024,250,265,0.61
clip-vitl14,cls,random,1.0,23,0.954133,75,75,1024,250,265,0.61
clip-vitl14,cls,random,10.0,23,0.953956,75,75,1024,250,265,0.61
clip-vitl14,cls,random,0.01,99,0.951102,76,74,1024,250,265,0.61
clip-vitl14,cls,random,0.1,99,0.946657,76,74,1024,250,265,0.61
clip-vitl14,cls,random,1.0,99,0.944168,76,74,1024,250,265,0.61
clip-vitl14,cls,random,10.0,99,0.941856,76,74,1024,250,265,0.61
clip-vitl14,cls,random,0.01,1234,0.933511,75,75,1024,250,265,0.61
clip-vitl14,cls,random,0.1,1234,0.939733,75,75,1024,250,265,0.61
clip-vitl14,cls,random,1.0,1234,0.942044,75,75,1024,250,265,0.61
clip-vitl14,cls,random,10.0,1234,0.941156,75,75,1024,250,265,0.61
clip-vitl14,patch_mean,clip_matched,0.01,42,0.9312,75,75,1024,250,265,0.22
clip-vitl14,patch_mean,clip_matched,0.1,42,0.938311,75,75,1024,250,265,0.22
clip-vitl14,patch_mean,clip_matched,1.0,42,0.936356,75,75,1024,250,265,0.22
clip-vitl14,patch_mean,clip_matched,10.0,42,0.936889,75,75,1024,250,265,0.22
clip-vitl14,patch_mean,clip_matched,0.01,7,0.947022,75,75,1024,250,265,0.22
clip-vitl14,patch_mean,clip_matched,0.1,7,0.946667,75,75,1024,250,265,0.22
clip-vitl14,patch_mean,clip_matched,1.0,7,0.945244,75,75,1024,250,265,0.22
clip-vitl14,patch_mean,clip_matched,10.0,7,0.944889,75,75,1024,250,265,0.22
clip-vitl14,patch_mean,clip_matched,0.01,17,0.956444,75,75,1024,250,265,0.22
clip-vitl14,patch_mean,clip_matched,0.1,17,0.960356,75,75,1024,250,265,0.22
clip-vitl14,patch_mean,clip_matched,1.0,17,0.960356,75,75,1024,250,265,0.22
clip-vitl14,patch_mean,clip_matched,10.0,17,0.963378,75,75,1024,250,265,0.22
clip-vitl14,patch_mean,clip_matched,0.01,23,0.956267,75,75,1024,250,265,0.22
clip-vitl14,patch_mean,clip_matched,0.1,23,0.962489,75,75,1024,250,265,0.22
clip-vitl14,patch_mean,clip_matched,1.0,23,0.962844,75,75,1024,250,265,0.22
clip-vitl14,patch_mean,clip_matched,10.0,23,0.962489,75,75,1024,250,265,0.22
clip-vitl14,patch_mean,clip_matched,0.01,99,0.926756,75,75,1024,250,265,0.22
clip-vitl14,patch_mean,clip_matched,0.1,99,0.926578,75,75,1024,250,265,0.22
clip-vitl14,patch_mean,clip_matched,1.0,99,0.923378,75,75,1024,250,265,0.22
clip-vitl14,patch_mean,clip_matched,10.0,99,0.924089,75,75,1024,250,265,0.22
clip-vitl14,patch_mean,clip_matched,0.01,1234,0.943467,75,75,1024,250,265,0.22
clip-vitl14,patch_mean,clip_matched,0.1,1234,0.947733,75,75,1024,250,265,0.22
clip-vitl14,patch_mean,clip_matched,1.0,1234,0.947022,75,75,1024,250,265,0.22
clip-vitl14,patch_mean,clip_matched,10.0,1234,0.949333,75,75,1024,250,265,0.22
clip-vitl14,patch_mean,aspect_matched,0.01,42,0.9536,75,75,1024,250,265,0.42
clip-vitl14,patch_mean,aspect_matched,0.1,42,0.959289,75,75,1024,250,265,0.42
clip-vitl14,patch_mean,aspect_matched,1.0,42,0.959467,75,75,1024,250,265,0.42
clip-vitl14,patch_mean,aspect_matched,10.0,42,0.956267,75,75,1024,250,265,0.42
clip-vitl14,patch_mean,aspect_matched,0.01,7,0.952711,75,75,1024,250,265,0.42
clip-vitl14,patch_mean,aspect_matched,0.1,7,0.953778,75,75,1024,250,265,0.42
clip-vitl14,patch_mean,aspect_matched,1.0,7,0.954311,75,75,1024,250,265,0.42
clip-vitl14,patch_mean,aspect_matched,10.0,7,0.953422,75,75,1024,250,265,0.42
clip-vitl14,patch_mean,aspect_matched,0.01,17,0.958044,75,75,1024,250,265,0.42
clip-vitl14,patch_mean,aspect_matched,0.1,17,0.96,75,75,1024,250,265,0.42
clip-vitl14,patch_mean,aspect_matched,1.0,17,0.960356,75,75,1024,250,265,0.42
clip-vitl14,patch_mean,aspect_matched,10.0,17,0.961422,75,75,1024,250,265,0.42
clip-vitl14,patch_mean,aspect_matched,0.01,23,0.965689,75,75,1024,250,265,0.42
clip-vitl14,patch_mean,aspect_matched,0.1,23,0.971022,75,75,1024,250,265,0.42
clip-vitl14,patch_mean,aspect_matched,1.0,23,0.972622,75,75,1024,250,265,0.42
clip-vitl14,patch_mean,aspect_matched,10.0,23,0.971556,75,75,1024,250,265,0.42
clip-vitl14,patch_mean,aspect_matched,0.01,99,0.951458,74,76,1024,250,265,0.42
clip-vitl14,patch_mean,aspect_matched,0.1,99,0.952169,74,76,1024,250,265,0.42
clip-vitl14,patch_mean,aspect_matched,1.0,99,0.952525,74,76,1024,250,265,0.42
clip-vitl14,patch_mean,aspect_matched,10.0,99,0.945057,74,76,1024,250,265,0.42
clip-vitl14,patch_mean,aspect_matched,0.01,1234,0.951822,75,75,1024,250,265,0.42
clip-vitl14,patch_mean,aspect_matched,0.1,1234,0.9536,75,75,1024,250,265,0.42
clip-vitl14,patch_mean,aspect_matched,1.0,1234,0.952,75,75,1024,250,265,0.42
clip-vitl14,patch_mean,aspect_matched,10.0,1234,0.950222,75,75,1024,250,265,0.42
clip-vitl14,patch_mean,random,0.01,42,0.935644,75,75,1024,250,265,0.61
clip-vitl14,patch_mean,random,0.1,42,0.936711,75,75,1024,250,265,0.61
clip-vitl14,patch_mean,random,1.0,42,0.936711,75,75,1024,250,265,0.61
clip-vitl14,patch_mean,random,10.0,42,0.934933,75,75,1024,250,265,0.61
clip-vitl14,patch_mean,random,0.01,7,0.958044,75,75,1024,250,265,0.61
clip-vitl14,patch_mean,random,0.1,7,0.9552,75,75,1024,250,265,0.61
clip-vitl14,patch_mean,random,1.0,7,0.953956,75,75,1024,250,265,0.61
clip-vitl14,patch_mean,random,10.0,7,0.956089,75,75,1024,250,265,0.61
clip-vitl14,patch_mean,random,0.01,17,0.937956,75,75,1024,250,265,0.61
clip-vitl14,patch_mean,random,0.1,17,0.931022,75,75,1024,250,265,0.61
clip-vitl14,patch_mean,random,1.0,17,0.927289,75,75,1024,250,265,0.61
clip-vitl14,patch_mean,random,10.0,17,0.931822,75,75,1024,250,265,0.61
clip-vitl14,patch_mean,random,0.01,23,0.962844,75,75,1024,250,265,0.61
clip-vitl14,patch_mean,random,0.1,23,0.965156,75,75,1024,250,265,0.61
clip-vitl14,patch_mean,random,1.0,23,0.965156,75,75,1024,250,265,0.61
clip-vitl14,patch_mean,random,10.0,23,0.9616,75,75,1024,250,265,0.61
clip-vitl14,patch_mean,random,0.01,99,0.932255,76,74,1024,250,265,0.61
clip-vitl14,patch_mean,random,0.1,99,0.932788,76,74,1024,250,265,0.61
clip-vitl14,patch_mean,random,1.0,99,0.927987,76,74,1024,250,265,0.61
clip-vitl14,patch_mean,random,10.0,99,0.92692,76,74,1024,250,265,0.61
clip-vitl14,patch_mean,random,0.01,1234,0.934044,75,75,1024,250,265,0.61
clip-vitl14,patch_mean,random,0.1,1234,0.935111,75,75,1024,250,265,0.61
clip-vitl14,patch_mean,random,1.0,1234,0.932089,75,75,1024,250,265,0.61
clip-vitl14,patch_mean,random,10.0,1234,0.9296,75,75,1024,250,265,0.61
clip-vitl14,patch_gem,clip_matched,0.01,42,0.9232,75,75,1024,250,265,0.23
clip-vitl14,patch_gem,clip_matched,0.1,42,0.929244,75,75,1024,250,265,0.23
clip-vitl14,patch_gem,clip_matched,1.0,42,0.931733,75,75,1024,250,265,0.23
clip-vitl14,patch_gem,clip_matched,10.0,42,0.931911,75,75,1024,250,265,0.23
clip-vitl14,patch_gem,clip_matched,0.01,7,0.944356,75,75,1024,250,265,0.23
clip-vitl14,patch_gem,clip_matched,0.1,7,0.943289,75,75,1024,250,265,0.23
clip-vitl14,patch_gem,clip_matched,1.0,7,0.940444,75,75,1024,250,265,0.23
clip-vitl14,patch_gem,clip_matched,10.0,7,0.935644,75,75,1024,250,265,0.23
clip-vitl14,patch_gem,clip_matched,0.01,17,0.9584,75,75,1024,250,265,0.23
clip-vitl14,patch_gem,clip_matched,0.1,17,0.960711,75,75,1024,250,265,0.23
clip-vitl14,patch_gem,clip_matched,1.0,17,0.962311,75,75,1024,250,265,0.23
clip-vitl14,patch_gem,clip_matched,10.0,17,0.960533,75,75,1024,250,265,0.23
clip-vitl14,patch_gem,clip_matched,0.01,23,0.9456,75,75,1024,250,265,0.23
clip-vitl14,patch_gem,clip_matched,0.1,23,0.947556,75,75,1024,250,265,0.23
clip-vitl14,patch_gem,clip_matched,1.0,23,0.947022,75,75,1024,250,265,0.23
clip-vitl14,patch_gem,clip_matched,10.0,23,0.946311,75,75,1024,250,265,0.23
clip-vitl14,patch_gem,clip_matched,0.01,99,0.929778,75,75,1024,250,265,0.23
clip-vitl14,patch_gem,clip_matched,0.1,99,0.931911,75,75,1024,250,265,0.23
clip-vitl14,patch_gem,clip_matched,1.0,99,0.929422,75,75,1024,250,265,0.23
clip-vitl14,patch_gem,clip_matched,10.0,99,0.926578,75,75,1024,250,265,0.23
clip-vitl14,patch_gem,clip_matched,0.01,1234,0.933867,75,75,1024,250,265,0.23
clip-vitl14,patch_gem,clip_matched,0.1,1234,0.9376,75,75,1024,250,265,0.23
clip-vitl14,patch_gem,clip_matched,1.0,1234,0.936533,75,75,1024,250,265,0.23
clip-vitl14,patch_gem,clip_matched,10.0,1234,0.938667,75,75,1024,250,265,0.23
clip-vitl14,patch_gem,aspect_matched,0.01,42,0.947378,75,75,1024,250,265,0.42
clip-vitl14,patch_gem,aspect_matched,0.1,42,0.953244,75,75,1024,250,265,0.42
clip-vitl14,patch_gem,aspect_matched,1.0,42,0.953778,75,75,1024,250,265,0.42
clip-vitl14,patch_gem,aspect_matched,10.0,42,0.952889,75,75,1024,250,265,0.42
clip-vitl14,patch_gem,aspect_matched,0.01,7,0.944711,75,75,1024,250,265,0.42
clip-vitl14,patch_gem,aspect_matched,0.1,7,0.943822,75,75,1024,250,265,0.42
clip-vitl14,patch_gem,aspect_matched,1.0,7,0.941689,75,75,1024,250,265,0.42
clip-vitl14,patch_gem,aspect_matched,10.0,7,0.939378,75,75,1024,250,265,0.42
clip-vitl14,patch_gem,aspect_matched,0.01,17,0.948267,75,75,1024,250,265,0.42
clip-vitl14,patch_gem,aspect_matched,0.1,17,0.949333,75,75,1024,250,265,0.42
clip-vitl14,patch_gem,aspect_matched,1.0,17,0.948622,75,75,1024,250,265,0.42
clip-vitl14,patch_gem,aspect_matched,10.0,17,0.949333,75,75,1024,250,265,0.42
clip-vitl14,patch_gem,aspect_matched,0.01,23,0.955733,75,75,1024,250,265,0.42
clip-vitl14,patch_gem,aspect_matched,0.1,23,0.961778,75,75,1024,250,265,0.42
clip-vitl14,patch_gem,aspect_matched,1.0,23,0.962489,75,75,1024,250,265,0.42
clip-vitl14,patch_gem,aspect_matched,10.0,23,0.966222,75,75,1024,250,265,0.42
clip-vitl14,patch_gem,aspect_matched,0.01,99,0.945946,74,76,1024,250,265,0.42
clip-vitl14,patch_gem,aspect_matched,0.1,99,0.942212,74,76,1024,250,265,0.42
clip-vitl14,patch_gem,aspect_matched,1.0,99,0.942034,74,76,1024,250,265,0.42
clip-vitl14,patch_gem,aspect_matched,10.0,99,0.9383,74,76,1024,250,265,0.42
clip-vitl14,patch_gem,aspect_matched,0.01,1234,0.943467,75,75,1024,250,265,0.42
clip-vitl14,patch_gem,aspect_matched,0.1,1234,0.942578,75,75,1024,250,265,0.42
clip-vitl14,patch_gem,aspect_matched,1.0,1234,0.9408,75,75,1024,250,265,0.42
clip-vitl14,patch_gem,aspect_matched,10.0,1234,0.946844,75,75,1024,250,265,0.42
clip-vitl14,patch_gem,random,0.01,42,0.934578,75,75,1024,250,265,0.61
clip-vitl14,patch_gem,random,0.1,42,0.938667,75,75,1024,250,265,0.61
clip-vitl14,patch_gem,random,1.0,42,0.9408,75,75,1024,250,265,0.61
clip-vitl14,patch_gem,random,10.0,42,0.940089,75,75,1024,250,265,0.61
clip-vitl14,patch_gem,random,0.01,7,0.953422,75,75,1024,250,265,0.61
clip-vitl14,patch_gem,random,0.1,7,0.954311,75,75,1024,250,265,0.61
clip-vitl14,patch_gem,random,1.0,7,0.953067,75,75,1024,250,265,0.61
clip-vitl14,patch_gem,random,10.0,7,0.954667,75,75,1024,250,265,0.61
clip-vitl14,patch_gem,random,0.01,17,0.939022,75,75,1024,250,265,0.61
clip-vitl14,patch_gem,random,0.1,17,0.936889,75,75,1024,250,265,0.61
clip-vitl14,patch_gem,random,1.0,17,0.933689,75,75,1024,250,265,0.61
clip-vitl14,patch_gem,random,10.0,17,0.931911,75,75,1024,250,265,0.61
clip-vitl14,patch_gem,random,0.01,23,0.958578,75,75,1024,250,265,0.61
clip-vitl14,patch_gem,random,0.1,23,0.959289,75,75,1024,250,265,0.61
clip-vitl14,patch_gem,random,1.0,23,0.9584,75,75,1024,250,265,0.61
clip-vitl14,patch_gem,random,10.0,23,0.957156,75,75,1024,250,265,0.61
clip-vitl14,patch_gem,random,0.01,99,0.927276,76,74,1024,250,265,0.61
clip-vitl14,patch_gem,random,0.1,99,0.927987,76,74,1024,250,265,0.61
clip-vitl14,patch_gem,random,1.0,99,0.924964,76,74,1024,250,265,0.61
clip-vitl14,patch_gem,random,10.0,99,0.924431,76,74,1024,250,265,0.61
clip-vitl14,patch_gem,random,0.01,1234,0.929244,75,75,1024,250,265,0.61
clip-vitl14,patch_gem,random,0.1,1234,0.929778,75,75,1024,250,265,0.61
clip-vitl14,patch_gem,random,1.0,1234,0.930489,75,75,1024,250,265,0.61
clip-vitl14,patch_gem,random,10.0,1234,0.928178,75,75,1024,250,265,0.61
clip-vitl14,cls_patch,clip_matched,0.01,42,0.955556,75,75,2048,250,265,6.96
clip-vitl14,cls_patch,clip_matched,0.1,42,0.9584,75,75,2048,250,265,6.96
clip-vitl14,cls_patch,clip_matched,1.0,42,0.960889,75,75,2048,250,265,6.96
clip-vitl14,cls_patch,clip_matched,10.0,42,0.961422,75,75,2048,250,265,6.96
clip-vitl14,cls_patch,clip_matched,0.01,7,0.965867,75,75,2048,250,265,6.96
clip-vitl14,cls_patch,clip_matched,0.1,7,0.968711,75,75,2048,250,265,6.96
clip-vitl14,cls_patch,clip_matched,1.0,7,0.967467,75,75,2048,250,265,6.96
clip-vitl14,cls_patch,clip_matched,10.0,7,0.968889,75,75,2048,250,265,6.96
clip-vitl14,cls_patch,clip_matched,0.01,17,0.966578,75,75,2048,250,265,6.96
clip-vitl14,cls_patch,clip_matched,0.1,17,0.967822,75,75,2048,250,265,6.96
clip-vitl14,cls_patch,clip_matched,1.0,17,0.967644,75,75,2048,250,265,6.96
clip-vitl14,cls_patch,clip_matched,10.0,17,0.971022,75,75,2048,250,265,6.96
clip-vitl14,cls_patch,clip_matched,0.01,23,0.966933,75,75,2048,250,265,6.96
clip-vitl14,cls_patch,clip_matched,0.1,23,0.967822,75,75,2048,250,265,6.96
clip-vitl14,cls_patch,clip_matched,1.0,23,0.969778,75,75,2048,250,265,6.96
clip-vitl14,cls_patch,clip_matched,10.0,23,0.968889,75,75,2048,250,265,6.96
clip-vitl14,cls_patch,clip_matched,0.01,99,0.9392,75,75,2048,250,265,6.96
clip-vitl14,cls_patch,clip_matched,0.1,99,0.940089,75,75,2048,250,265,6.96
clip-vitl14,cls_patch,clip_matched,1.0,99,0.939378,75,75,2048,250,265,6.96
clip-vitl14,cls_patch,clip_matched,10.0,99,0.938667,75,75,2048,250,265,6.96
clip-vitl14,cls_patch,clip_matched,0.01,1234,0.948978,75,75,2048,250,265,6.96
clip-vitl14,cls_patch,clip_matched,0.1,1234,0.954844,75,75,2048,250,265,6.96
clip-vitl14,cls_patch,clip_matched,1.0,1234,0.956444,75,75,2048,250,265,6.96
clip-vitl14,cls_patch,clip_matched,10.0,1234,0.9616,75,75,2048,250,265,6.96
clip-vitl14,cls_patch,aspect_matched,0.01,42,0.958044,75,75,2048,250,265,13.27
clip-vitl14,cls_patch,aspect_matched,0.1,42,0.959289,75,75,2048,250,265,13.27
clip-vitl14,cls_patch,aspect_matched,1.0,42,0.959822,75,75,2048,250,265,13.27
clip-vitl14,cls_patch,aspect_matched,10.0,42,0.958578,75,75,2048,250,265,13.27
clip-vitl14,cls_patch,aspect_matched,0.01,7,0.971022,75,75,2048,250,265,13.27
clip-vitl14,cls_patch,aspect_matched,0.1,7,0.9728,75,75,2048,250,265,13.27
clip-vitl14,cls_patch,aspect_matched,1.0,7,0.9728,75,75,2048,250,265,13.27
clip-vitl14,cls_patch,aspect_matched,10.0,7,0.9744,75,75,2048,250,265,13.27
clip-vitl14,cls_patch,aspect_matched,0.01,17,0.969778,75,75,2048,250,265,13.27
clip-vitl14,cls_patch,aspect_matched,0.1,17,0.971022,75,75,2048,250,265,13.27
clip-vitl14,cls_patch,aspect_matched,1.0,17,0.972267,75,75,2048,250,265,13.27
clip-vitl14,cls_patch,aspect_matched,10.0,17,0.973156,75,75,2048,250,265,13.27
clip-vitl14,cls_patch,aspect_matched,0.01,23,0.969067,75,75,2048,250,265,13.27
clip-vitl14,cls_patch,aspect_matched,0.1,23,0.971022,75,75,2048,250,265,13.27
clip-vitl14,cls_patch,aspect_matched,1.0,23,0.969422,75,75,2048,250,265,13.27
clip-vitl14,cls_patch,aspect_matched,10.0,23,0.975111,75,75,2048,250,265,13.27
clip-vitl14,cls_patch,aspect_matched,0.01,99,0.967461,74,76,2048,250,265,13.27
clip-vitl14,cls_patch,aspect_matched,0.1,99,0.966572,74,76,2048,250,265,13.27
clip-vitl14,cls_patch,aspect_matched,1.0,99,0.965505,74,76,2048,250,265,13.27
clip-vitl14,cls_patch,aspect_matched,10.0,99,0.963727,74,76,2048,250,265,13.27
clip-vitl14,cls_patch,aspect_matched,0.01,1234,0.959111,75,75,2048,250,265,13.27
clip-vitl14,cls_patch,aspect_matched,0.1,1234,0.96,75,75,2048,250,265,13.27
clip-vitl14,cls_patch,aspect_matched,1.0,1234,0.96,75,75,2048,250,265,13.27
clip-vitl14,cls_patch,aspect_matched,10.0,1234,0.958756,75,75,2048,250,265,13.27
clip-vitl14,cls_patch,random,0.01,42,0.958933,75,75,2048,250,265,20.44
clip-vitl14,cls_patch,random,0.1,42,0.958044,75,75,2048,250,265,20.44
clip-vitl14,cls_patch,random,1.0,42,0.9584,75,75,2048,250,265,20.44
clip-vitl14,cls_patch,random,10.0,42,0.957867,75,75,2048,250,265,20.44
clip-vitl14,cls_patch,random,0.01,7,0.975289,75,75,2048,250,265,20.44
clip-vitl14,cls_patch,random,0.1,7,0.977067,75,75,2048,250,265,20.44
clip-vitl14,cls_patch,random,1.0,7,0.979022,75,75,2048,250,265,20.44
clip-vitl14,cls_patch,random,10.0,7,0.981333,75,75,2048,250,265,20.44
clip-vitl14,cls_patch,random,0.01,17,0.955022,75,75,2048,250,265,20.44
clip-vitl14,cls_patch,random,0.1,17,0.955911,75,75,2048,250,265,20.44
clip-vitl14,cls_patch,random,1.0,17,0.955378,75,75,2048,250,265,20.44
clip-vitl14,cls_patch,random,10.0,17,0.955733,75,75,2048,250,265,20.44
clip-vitl14,cls_patch,random,0.01,23,0.970311,75,75,2048,250,265,20.44
clip-vitl14,cls_patch,random,0.1,23,0.969956,75,75,2048,250,265,20.44
clip-vitl14,cls_patch,random,1.0,23,0.970844,75,75,2048,250,265,20.44
clip-vitl14,cls_patch,random,10.0,23,0.968711,75,75,2048,250,265,20.44
clip-vitl14,cls_patch,random,0.01,99,0.95697,76,74,2048,250,265,20.44
clip-vitl14,cls_patch,random,0.1,99,0.951991,76,74,2048,250,265,20.44
clip-vitl14,cls_patch,random,1.0,99,0.949858,76,74,2048,250,265,20.44
clip-vitl14,cls_patch,random,10.0,99,0.94808,76,74,2048,250,265,20.44
clip-vitl14,cls_patch,random,0.01,1234,0.943467,75,75,2048,250,265,20.44
clip-vitl14,cls_patch,random,0.1,1234,0.947378,75,75,2048,250,265,20.44
clip-vitl14,cls_patch,random,1.0,1234,0.948622,75,75,2048,250,265,20.44
clip-vitl14,cls_patch,random,10.0,1234,0.947378,75,75,2048,250,265,20.44
